"Time (s)","Acceleration x (m/s^2)","Acceleration y (m/s^2)","Acceleration z (m/s^2)","Absolute acceleration (m/s^2)"
0.000000000E0,2.140838623E0,8.622924805E0,-3.554687500E-1,8.891815351E0
4.974365000E-3,2.483200073E0,8.749816895E0,-9.449768066E-2,9.095851148E0
9.979248000E-3,2.310821533E0,8.352371216E0,2.041625977E-2,8.666165121E0
1.498413000E-2,2.404190063E0,8.409835815E0,1.568908691E-1,8.748147407E0
1.995849600E-2,2.576583862E0,8.608551025E0,2.239227295E-1,8.988663780E0
2.493286100E-2,2.906982422E0,8.792907715E0,2.789916992E-1,9.265182635E0
2.993774400E-2,3.395401001E0,9.051483154E0,3.723754883E-1,9.674541785E0
3.491210900E-2,3.802413940E0,9.216690063E0,5.471496582E-1,9.985244126E0
3.991699200E-2,4.139999390E0,9.360336304E0,9.014892578E-1,1.027463739E1
4.489135700E-2,4.367446899E0,9.482437134E0,1.255828857E0,1.051514681E1
4.986572200E-2,4.585311890E0,9.551864624E0,1.672424316E0,1.072661205E1
5.484008700E-2,4.709808350E0,9.652435303E0,1.926208496E0,1.091155723E1
5.984497000E-2,4.815155029E0,9.738616943E0,2.100982666E0,1.106528382E1
6.481933500E-2,4.781631470E0,9.764953613E0,2.321243286E0,1.111784552E1
6.979370100E-2,4.697845459E0,9.752990723E0,2.519973755E0,1.111489306E1
7.476806600E-2,4.547012329E0,9.657211304E0,2.620529175E0,1.099109751E1
7.974243100E-2,4.424896240E0,9.585388184E0,2.558273315E0,1.086297085E1
8.471679600E-2,4.276458740E0,9.492019653E0,2.452926636E0,1.069595183E1
8.972167900E-2,4.027465820E0,9.391464233E0,2.225479126E0,1.045814700E1
9.469604400E-2,3.788040161E0,9.345977783E0,2.096191406E0,1.030002754E1
9.967041000E-2,3.591720581E0,9.235839844E0,1.983673096E0,1.010624328E1
1.046447750E-1,3.333145142E0,9.185562134E0,1.878326416E0,9.950503423E0
1.096191400E-1,3.021896362E0,9.137680054E0,1.808883667E0,9.792911442E0
1.145935050E-1,2.653198242E0,9.049087524E0,1.720306396E0,9.585661168E0
1.195678710E-1,2.394622803E0,9.003601074E0,1.562286377E0,9.446681396E0
1.245727530E-1,2.334762573E0,8.941345215E0,1.217529297E0,9.321005746E0
1.295471190E-1,2.370681763E0,8.915008545E0,8.248748779E-1,9.261637433E0
1.345214840E-1,2.497573853E0,8.905441284E0,5.136260986E-1,9.263291606E0
1.394958490E-1,2.672348022E0,8.792907715E0,2.071685791E-1,9.192365792E0
1.444702140E-1,2.729812622E0,8.701934814E0,1.161956787E-1,9.120803029E0
1.494445800E-1,2.780090332E0,8.642074585E0,4.435729980E-2,9.078343624E0
1.544189450E-1,2.789657593E0,8.594192505E0,-7.534790039E-2,9.035928929E0
1.593933100E-1,2.839935303E0,8.548706055E0,-2.405395508E-1,9.011296633E0
1.643676750E-1,2.906982422E0,8.553497314E0,-4.225006104E-1,9.043858130E0
1.693725580E-1,3.009933472E0,8.637283325E0,-4.991149902E-1,9.160320874E0
1.743469230E-1,3.019500732E0,8.725875854E0,-4.584197998E-1,9.244914430E0
1.793212890E-1,2.878250122E0,8.859954834E0,-3.674316406E-1,9.322989297E0
1.842956540E-1,2.736984253E0,9.037124634E0,-9.449768066E-2,9.442967450E0
1.892700190E-1,2.681930542E0,9.144851685E0,2.430877686E-1,9.533108382E0
1.942443840E-1,2.753753662E0,9.204711914E0,6.357269287E-1,9.628812460E0
1.992187500E-1,2.954864502E0,9.168792725E0,9.685211182E-1,9.681736281E0
2.041931150E-1,3.211044312E0,9.068237305E0,1.143295288E0,9.687665224E0
2.091979980E-1,3.527084351E0,9.017959595E0,9.445800781E-1,9.729139263E0
2.141723630E-1,3.716217041E0,9.005996704E0,6.141815186E-1,9.761939596E0
2.191467280E-1,3.917327881E0,9.003601074E0,4.106750488E-1,9.827458676E0
2.241210930E-1,4.120834351E0,9.063461304E0,2.765960693E-1,9.960126100E0
2.290954590E-1,4.400955200E0,9.070632935E0,1.266479492E-3,1.008190409E1
2.340698240E-1,4.671508789E0,9.032333374E0,-2.932128906E-1,1.017310249E1
2.390441890E-1,4.812759399E0,8.998809814E0,-5.182800293E-1,1.021811359E1
2.440185540E-1,4.681076050E0,8.919799805E0,-5.446166992E-1,1.008820643E1
2.489929190E-1,4.362655640E0,8.926986694E0,-5.374298096E-1,9.950511870E0
2.539672850E-1,4.077743530E0,8.912612915E0,-5.039062500E-1,9.814101221E0
2.589721680E-1,3.912536621E0,8.886291504E0,-3.530731201E-1,9.715903465E0
2.639465330E-1,3.850296021E0,8.840789795E0,-1.375885010E-1,9.643820521E0
2.689208980E-1,3.864654541E0,8.704330444E0,1.066131592E-1,9.524299952E0
2.738952630E-1,3.881423950E0,8.563064575E0,2.646331787E-1,9.405400444E0
2.788696280E-1,3.816772461E0,8.479263306E0,2.550506592E-1,9.302188402E0
2.838439940E-1,3.704254150E0,8.517578125E0,1.640777588E-1,9.289647864E0
2.888183590E-1,3.649185181E0,8.529541016E0,1.305541992E-1,9.278290081E0
2.937927240E-1,3.474411011E0,8.651657104E0,7.069396973E-2,9.323502569E0
2.987976070E-1,3.354690552E0,8.745025635E0,7.548522949E-2,9.366702732E0
3.037719720E-1,3.366668701E0,8.754608154E0,1.090087891E-1,9.380272117E0
3.087463370E-1,3.381027222E0,8.749816895E0,2.239227295E-1,9.383004964E0
3.137207030E-1,3.354690552E0,8.735443115E0,4.346160889E-1,9.367540033E0
3.186950680E-1,3.246948242E0,8.740234375E0,7.434692383E-1,9.353454780E0
3.236694330E-1,3.254135132E0,8.716293335E0,9.158477783E-1,9.348900583E0
3.286437980E-1,3.460037231E0,8.567855835E0,1.188796997E0,9.316289473E0
3.336181640E-1,3.687484741E0,8.493637085E0,1.488067627E0,9.378366591E0
3.385925290E-1,3.993942261E0,8.412231445E0,1.722702026E0,9.470211980E0
3.435668940E-1,4.302795410E0,8.407440186E0,2.127319336E0,9.681145922E0
3.485717770E-1,4.611648560E0,8.517578125E0,2.254211426E0,9.944742767E0
3.535461420E-1,4.800796509E0,8.570251465E0,2.433776855E0,1.012028295E1
3.585205070E-1,4.803192139E0,8.689956665E0,2.510391235E0,1.024148748E1
3.634948730E-1,4.788818359E0,8.917404175E0,2.211120605E0,1.036059520E1
3.684692380E-1,4.671508789E0,9.044296265E0,1.890289307E0,1.035352515E1
3.734436030E-1,4.606857300E0,9.152038574E0,1.753829956E0,1.039513654E1
3.784179680E-1,4.611648560E0,9.223861694E0,1.705932617E0,1.045261370E1
3.833923340E-1,4.508697510E0,9.240631104E0,1.761001587E0,1.043162226E1
3.883666990E-1,4.515884399E0,9.202316284E0,1.715515137E0,1.039321072E1
3.933715820E-1,4.815155029E0,9.120910645E0,1.500045776E0,1.042242132E1
3.983459470E-1,5.207809448E0,9.010787964E0,1.502426147E0,1.051536320E1
4.033203120E-1,5.327514648E0,8.900650024E0,1.622146606E0,1.049930201E1
4.082946770E-1,5.358642578E0,8.742630005E0,1.729888916E0,1.039909349E1
4.132690430E-1,5.552566528E0,8.596588135E0,1.634109497E0,1.036352433E1
4.182434080E-1,5.935638428E0,8.479263306E0,1.279769897E0,1.042916683E1
4.232177730E-1,6.352233887E0,8.333221436E0,9.781036377E-1,1.052378932E1
4.281921380E-1,6.699401855E0,8.388290405E0,6.740417480E-1,1.075638106E1
4.331665030E-1,6.902908325E0,8.417022705E0,3.484344482E-1,1.089118089E1
4.381713860E-1,6.938812256E0,8.539123535E0,8.506774902E-2,1.100322602E1
4.431457510E-1,6.993881226E0,8.587005615E0,-2.716674805E-1,1.107812454E1
4.481201170E-1,7.072891235E0,8.622924805E0,-5.493927002E-1,1.116612981E1
4.530944820E-1,7.075286865E0,8.637283325E0,-7.169952393E-1,1.118822728E1
4.580688470E-1,7.075286865E0,8.673202515E0,-6.691131592E-1,1.121302094E1
4.630432120E-1,7.053741455E0,8.627716064E0,-5.015106201E-1,1.115545902E1
4.680480950E-1,6.938812256E0,8.515182495E0,-3.147735596E-1,1.098883665E1
4.730224600E-1,6.752059937E0,8.457717896E0,-2.094268799E-1,1.082437827E1
4.779968260E-1,6.680236816E0,8.371536255E0,-8.013916016E-2,1.071049044E1
4.829711910E-1,6.558135986E0,8.256607056E0,8.985900879E-2,1.054460916E1
4.879455560E-1,6.488708496E0,8.179992676E0,2.478637695E-1,1.044399610E1
4.929199210E-1,6.337875366E0,8.136901855E0,3.388519287E-1,1.031952792E1
4.978942870E-1,6.148727417E0,8.062683105E0,3.244781494E-1,1.014489989E1
5.028686520E-1,6.055358887E0,8.000427246E0,2.406921387E-1,1.003654024E1
5.078430170E-1,5.959579468E0,7.868743896E0,1.233673096E-1,9.871622837E0
5.128173820E-1,5.861419678E0,7.722702026E0,1.018218994E-1,9.695707036E0
5.177917480E-1,5.751296997E0,7.600601196E0,-5.920410156E-3,9.531347793E0
5.227661130E-1,5.650741577E0,7.495254517E0,-1.160430908E-1,9.387395093E0
5.277709960E-1,5.849456787E0,7.205551147E0,-4.105377197E-1,9.290029777E0
5.327453610E-1,5.842269897E0,7.301315308E0,-5.086975098E-1,9.364832937E0
5.377197260E-1,5.789596558E0,7.466522217E0,-8.175506592E-1,9.483499955E0
5.426940910E-1,6.471939087E0,6.911071777E0,-1.231750488E0,9.548094989E0
5.476684570E-1,6.311538696E0,7.119369507E0,-9.324645996E-1,9.559834367E0
5.526428220E-1,6.246887207E0,8.045913696E0,-1.176681519E0,1.025401904E1
5.576171870E-1,6.184646606E0,8.670806885E0,-1.832687378E0,1.080701109E1
5.625915520E-1,6.206192017E0,9.001205444E0,-1.274841309E0,1.100744017E1
5.675659180E-1,6.527008057E0,9.099365234E0,-1.114425659E0,1.125354284E1
5.725402830E-1,6.780792236E0,9.022750854E0,-9.276885986E-1,1.132474205E1
5.775451660E-1,7.204574585E0,8.577438354E0,-9.707794189E-1,1.124369852E1
5.825195310E-1,7.084854126E0,8.385894775E0,-3.339233398E-1,1.098316411E1
5.874938960E-1,7.108795166E0,8.227874756E0,-1.309204102E-2,1.087350280E1
5.924682610E-1,6.869384766E0,7.928604126E0,-1.375885010E-1,1.049143179E1
5.974426260E-1,6.450393677E0,7.600601196E0,-1.519622803E-1,9.969945319E0
6.024169920E-1,5.952407837E0,7.258224487E0,-8.774108887E-1,9.427769176E0
6.073913570E-1,5.492721558E0,6.930221558E0,-1.447219849E0,8.960603006E0
6.123657220E-1,5.224563599E0,6.595031738E0,-1.832687378E0,8.610995962E0
6.173400870E-1,5.212600708E0,6.425048828E0,-2.266036987E0,8.578308820E0
6.223144530E-1,5.224563599E0,6.243087769E0,-2.510253906E0,8.519013109E0
6.273193350E-1,5.337097168E0,6.097045898E0,-2.625167847E0,8.517633538E0
6.322937010E-1,5.423278809E0,5.977325439E0,-2.732910156E0,8.521101476E0
6.372680660E-1,5.535812378E0,5.912689209E0,-2.706573486E0,8.539944520E0
6.422424310E-1,6.017044067E0,5.651718140E0,-2.622772217E0,8.661736047E0
6.472167960E-1,5.973953247E0,5.816909790E0,-2.744888306E0,8.778323799E0
6.521911620E-1,5.715377808E0,6.037185669E0,-2.742492676E0,8.754108770E0
6.571655270E-1,5.442443848E0,6.180831909E0,-2.718551636E0,8.672566006E0
6.621398920E-1,5.234146118E0,6.307723999E0,-2.555740356E0,8.585771742E0
6.671142570E-1,5.238937378E0,6.427444458E0,-2.242095947E0,8.589848738E0
6.720886230E-1,5.444839478E0,6.484893799E0,-1.961975098E0,8.691919857E0
6.770935050E-1,5.679458618E0,6.501663208E0,-1.684249878E0,8.795713292E0
6.820678710E-1,5.875793457E0,6.542358398E0,-1.315536499E0,8.891458735E0
6.870422360E-1,6.096054077E0,6.633346558E0,-9.971160889E-1,9.064072063E0
6.920166010E-1,6.220550537E0,6.887130737E0,-9.276885986E-1,9.326758543E0
6.969909660E-1,6.337875366E0,7.124145508E0,-6.379852295E-1,9.556627989E0
7.019653320E-1,6.412094116E0,7.370758057E0,-3.027954102E-1,9.774185917E0
7.069396970E-1,6.876571655E0,7.064300537E0,-5.278472900E-1,9.872699862E0
7.119140620E-1,6.941207886E0,6.772201538E0,-2.764587402E-1,9.701521016E0
7.168884270E-1,6.606018066E0,6.954162598E0,-3.225708008E-2,9.591709579E0
7.218627930E-1,6.098449707E0,7.172042847E0,-3.410949707E-1,9.420490072E0
7.268676750E-1,5.866210938E0,6.920639038E0,-7.409362793E-1,9.102563487E0
7.318420410E-1,5.703399658E0,6.741073608E0,-9.635925293E-1,8.882530699E0
7.368164060E-1,5.540603638E0,6.834457397E0,-9.923248291E-1,8.853971152E0
7.417907710E-1,5.638763428E0,6.882339478E0,-1.217376709E0,8.980214682E0
7.467651360E-1,5.856628418E0,6.717132568E0,-1.526229858E0,9.041534380E0
7.517395010E-1,6.182250977E0,6.465744019E0,-1.552566528E0,9.079456794E0
7.567138670E-1,6.503067017E0,6.348434448E0,-1.435256958E0,9.200677318E0
7.616882320E-1,6.802337646E0,6.365188599E0,-1.332305908E0,9.410763114E0
7.666625970E-1,7.044158936E0,6.549545288E0,-1.320327759E0,9.708758107E0
7.716674800E-1,7.264419556E0,6.820083618E0,-1.193435669E0,1.003541831E1
7.766418450E-1,7.422439575E0,7.095428467E0,-1.028244019E0,1.031964147E1
7.816162100E-1,7.513427734E0,7.380325317E0,-8.821868896E-1,1.056877721E1
7.865905760E-1,7.671447754E0,7.593414307E0,-6.331939697E-1,1.081258462E1
7.915649410E-1,7.704956055E0,7.739456177E0,-4.512329102E-1,1.093019400E1
7.965393060E-1,7.666656494E0,7.801712036E0,-1.926574707E-1,1.093990171E1
8.015136710E-1,7.757629395E0,7.653274536E0,-1.854858398E-1,1.089898298E1
8.064880370E-1,7.908462524E0,7.413848877E0,-3.387145996E-1,1.084544431E1
8.114624020E-1,7.716934204E0,7.449768066E0,-4.536285400E-1,1.073572991E1
8.164367670E-1,7.391311646E0,7.459335327E0,-9.037322998E-1,1.053991952E1
8.214416500E-1,7.075286865E0,7.375549316E0,-1.028244019E0,1.027208342E1
8.264160150E-1,6.857406616E0,7.107391357E0,-1.392150879E0,9.973821809E0
8.313903800E-1,6.910079956E0,6.561508179E0,-1.736923218E0,9.686046502E0
8.363647460E-1,6.673065186E0,6.312515259E0,-1.550170898E0,9.315614724E0
8.413391110E-1,6.440826416E0,6.113800049E0,-1.928451538E0,9.087448558E0
8.463134760E-1,5.950012207E0,6.089859009E0,-1.954788208E0,8.735572388E0
8.512878410E-1,5.777633667E0,6.041976929E0,-2.213363647E0,8.647861853E0
8.562622070E-1,5.837478638E0,6.053939819E0,-2.330688477E0,8.726881055E0
8.612365720E-1,6.007476807E0,6.051544189E0,-2.301956177E0,8.832325113E0
8.662414550E-1,6.115203857E0,6.061126709E0,-2.182250977E0,8.882296692E0
8.712158200E-1,6.062530518E0,6.013244629E0,-2.009857178E0,8.772280953E0
8.761901850E-1,6.033813477E0,6.001266479E0,-1.873397827E0,8.713881101E0
8.811645500E-1,6.187042236E0,6.094650269E0,-1.861419678E0,8.881955683E0
8.861389160E-1,7.015426636E0,5.723541260E0,-1.607635498E0,9.195630883E0
8.911132810E-1,7.226119995E0,5.790588379E0,-1.528625488E0,9.385330034E0
8.960876460E-1,7.192596436E0,6.195205688E0,-1.586090088E0,9.624432387E0
9.010620110E-1,7.410476685E0,6.365188599E0,-1.468765259E0,9.878667014E0
9.060363760E-1,7.767211914E0,6.595031738E0,-1.353851318E0,1.027895607E1
9.110412590E-1,7.901290894E0,7.107391357E0,-1.279632568E0,1.070433880E1
9.160156250E-1,8.143096924E0,7.464126587E0,-9.971160889E-1,1.109132335E1
9.209899900E-1,8.396881104E0,7.655670166E0,-4.632110596E-1,1.137239915E1
9.259643550E-1,8.638702393E0,7.679611206E0,-2.070312500E-1,1.156055661E1
9.309387200E-1,8.851776123E0,7.744247437E0,-2.027893066E-2,1.176128055E1
9.359130850E-1,8.858963013E0,7.904663086E0,-1.735076904E-1,1.187413277E1
9.408874510E-1,8.806289673E0,7.720306396E0,-2.812500000E-1,1.171464768E1
9.458618160E-1,8.624328613E0,7.332443237E0,-2.381591797E-1,1.132256542E1
9.508361810E-1,8.463928223E0,7.069091797E0,-3.075866699E-1,1.103198755E1
9.558410640E-1,8.289138794E0,6.899093628E0,-5.972747803E-1,1.080111346E1
9.608154290E-1,7.989868164E0,6.686019897E0,-7.888183594E-1,1.044811417E1
9.657897940E-1,7.542160034E0,6.405883789E0,-9.205017090E-1,9.938151161E0
9.707641600E-1,7.180633545E0,6.238296509E0,-1.293991089E0,9.599596574E0
9.757385250E-1,6.984298706E0,6.087463379E0,-1.657913208E0,9.412030334E0
9.807128900E-1,6.993881226E0,5.881561279E0,-1.459197998E0,9.253993542E0
9.856872550E-1,6.924453735E0,5.764251709E0,-1.648330688E0,9.159238579E0
9.906616210E-1,6.859802246E0,5.764251709E0,-1.626785278E0,9.106586351E0
9.956359860E-1,6.728118896E0,5.742691040E0,-1.483139038E0,8.969157467E0
1.000640869E0,6.850234985E0,5.891143799E0,-1.365814209E0,9.137655228E0
1.005615234E0,7.017822266E0,6.041976929E0,-1.301177979E0,9.351383785E0
1.010589599E0,7.149505615E0,6.161682129E0,-1.030639648E0,9.494418112E0
1.015563964E0,7.226119995E0,6.209564209E0,-8.007965088E-1,9.561211895E0
1.020538330E0,7.305130005E0,6.255050659E0,-6.810760498E-1,9.641288696E0
1.025512695E0,7.448776245E0,6.238296509E0,-5.661621094E-1,9.732479151E0
1.030487060E0,7.592437744E0,6.219146729E0,-4.057464600E-1,9.822806479E0
1.035461425E0,7.726501465E0,6.120986938E0,-3.291320801E-1,9.862739676E0
1.040435791E0,7.724105835E0,6.006057739E0,-3.865966797E-1,9.792037454E0
1.045440673E0,7.652282715E0,5.919860840E0,-3.937683105E-1,9.682832054E0
1.050415039E0,7.475112915E0,5.761856079E0,-3.458862305E-1,9.444360002E0
1.055389404E0,7.314697266E0,5.670867920E0,-4.464416504E-1,9.266220869E0
1.060363769E0,7.156692505E0,5.678054810E0,-6.954498291E-1,9.161997844E0
1.065338134E0,7.123168945E0,5.757064819E0,-8.007965088E-1,9.193726459E0
1.070312500E0,7.075286865E0,5.836074829E0,-7.098083496E-1,9.199091343E0
1.075286865E0,7.161468506E0,5.994094849E0,-7.002258301E-1,9.365154586E0
1.080261230E0,7.324279785E0,6.211959839E0,-7.313537598E-1,9.631635257E0
1.085235595E0,7.499053955E0,6.358001709E0,-8.103637695E-1,9.864921966E0
1.090240478E0,7.661865234E0,6.343643188E0,-8.654327393E-1,9.984736431E0
1.095214843E0,7.848617554E0,6.314910889E0,-8.654327393E-1,1.011077993E1
1.100189209E0,8.100006104E0,6.274215698E0,-8.271179199E-1,1.027910529E1
1.105163574E0,8.308303833E0,6.219146729E0,-8.486785889E-1,1.041277840E1
1.110137939E0,8.356185913E0,6.106613159E0,-8.678283691E-1,1.038603357E1
1.115112304E0,8.200561523E0,5.922256470E0,-8.797912598E-1,1.015363795E1
1.120086669E0,8.071273804E0,5.723541260E0,-8.295135498E-1,9.929374507E0
1.125061035E0,7.958740234E0,5.661300659E0,-8.271179199E-1,9.801836324E0
1.130035400E0,7.862976074E0,5.608627319E0,-7.960052490E-1,9.691063796E0
1.135040283E0,7.781570435E0,5.656509399E0,-8.989562988E-1,9.662145695E0
1.140014648E0,7.733688354E0,5.709182739E0,-9.635925293E-1,9.660911638E0
1.144989013E0,7.621154785E0,5.745086670E0,-1.056976318E0,9.602354922E0
1.149963378E0,7.580459595E0,5.826492310E0,-1.217376709E0,9.638121516E0
1.154937744E0,7.573272705E0,5.970138550E0,-1.250900269E0,9.724287390E0
1.159912109E0,7.602005005E0,6.025207520E0,-1.243713379E0,9.779592462E0
1.164886474E0,7.736083984E0,5.984512329E0,-1.229354858E0,9.857621244E0
1.169860839E0,7.934799194E0,5.891143799E0,-1.272445679E0,9.964222575E0
1.174865722E0,8.202957153E0,5.797760010E0,-1.286819458E0,1.012711368E1
1.179840087E0,8.497436523E0,5.654113770E0,-1.222167969E0,1.027954885E1
1.184814453E0,8.698547363E0,5.529617310E0,-1.097671509E0,1.036562958E1
1.189788818E0,8.849380493E0,5.464965820E0,-8.702239990E-1,1.043717760E1
1.194763183E0,8.959518433E0,5.541580200E0,-6.786804199E-1,1.055664193E1
1.199737548E0,9.091201782E0,5.634963989E0,-4.536285400E-1,1.070553819E1
1.204711914E0,9.131896973E0,5.711578369E0,-2.764587402E-1,1.077451155E1
1.209686279E0,8.952331543E0,5.771423340E0,-1.567535400E-1,1.065261184E1
1.214660644E0,8.760803223E0,5.855224609E0,-1.543579102E-1,1.053846074E1
1.219665527E0,8.497436523E0,5.881561279E0,-2.309722900E-1,1.033695017E1
1.224639892E0,8.085632324E0,5.871978760E0,-2.692718506E-1,9.996503987E0
1.229614257E0,7.621154785E0,5.725936890E0,-3.195495605E-1,9.537843857E0
1.234588623E0,7.147109985E0,5.543975830E0,-5.278472900E-1,9.060655159E0
1.239562988E0,6.821502686E0,5.385955811E0,-7.912139893E-1,8.727395858E0
1.244537353E0,6.730514526E0,5.227951050E0,-1.004302979E0,8.581370662E0
1.249511718E0,6.756851196E0,5.053161621E0,-1.198226929E0,8.522043665E0
1.254486084E0,6.864593506E0,4.878387451E0,-1.296386719E0,8.520676420E0
1.259460449E0,7.072891235E0,4.689254761E0,-1.313140869E0,8.587155500E0
1.264434814E0,7.262039185E0,4.626998901E0,-1.303573608E0,8.708940010E0
1.269439697E0,7.451171875E0,4.638977051E0,-1.124008179E0,8.848924498E0
1.274414062E0,7.637924194E0,4.739532471E0,-8.893737793E-1,9.032831215E0
1.279388427E0,7.738479614E0,4.885574341E0,-8.510742188E-1,9.191149586E0
1.284362793E0,7.714538574E0,5.125000000E0,-7.481231689E-1,9.291900704E0
1.289337158E0,7.740875244E0,5.309341431E0,-6.307983398E-1,9.407877684E0
1.294311523E0,7.800720215E0,5.517639160E0,-5.637664795E-1,9.571489456E0
1.299285888E0,7.913253784E0,5.646926880E0,-5.613708496E-1,9.737684831E0
1.304290771E0,8.028182983E0,5.699600220E0,-5.637664795E-1,9.861794833E0
1.309265136E0,8.238861084E0,5.685241699E0,-5.015106201E-1,1.002259039E1
1.314239501E0,8.380126953E0,5.685241699E0,-4.632110596E-1,1.013721192E1
1.319213867E0,8.542922974E0,5.711578369E0,-3.865966797E-1,1.028363347E1
1.324188232E0,8.566879272E0,5.713973999E0,-2.932128906E-1,1.030179077E1
1.329162597E0,8.583633423E0,5.742691040E0,-2.165985107E-1,1.032977144E1
1.334136962E0,8.507019043E0,5.690017700E0,2.041625977E-2,1.023455379E1
1.339111328E0,8.495040894E0,5.670867920E0,1.568908691E-1,1.021513962E1
1.344085693E0,8.442367554E0,5.639739990E0,8.267211914E-2,1.015318038E1
1.349090576E0,8.382522583E0,5.658905029E0,-7.534790039E-2,1.011412716E1
1.354064941E0,8.313079834E0,5.608627319E0,-2.453308105E-1,1.003116065E1
1.359039306E0,8.305908203E0,5.536788940E0,-2.884368896E-1,9.986357629E0
1.364013671E0,8.384918213E0,5.546371460E0,-3.003997803E-1,1.005779945E1
1.368988037E0,8.576446533E0,5.505676270E0,-3.410949707E-1,1.019726689E1
1.373962402E0,8.765594482E0,5.460174561E0,-3.506774902E-1,1.033305993E1
1.378936767E0,8.906845093E0,5.551162720E0,-4.129333496E-1,1.050322860E1
1.383911132E0,9.052902222E0,5.608627319E0,-4.201049805E-1,1.065777778E1
1.388916015E0,9.105560303E0,5.625381470E0,-5.182800293E-1,1.071563154E1
1.393890380E0,9.060073853E0,5.551162720E0,-5.134887695E-1,1.063785770E1
1.398864746E0,8.842208862E0,5.378784180E0,-5.302429199E-1,1.036325887E1
1.403839111E0,8.473495483E0,5.275833130E0,-4.823608398E-1,9.993358440E0
1.408813476E0,8.114364624E0,5.163299561E0,-3.363189697E-1,9.623704383E0
1.413787841E0,7.764816284E0,5.125000000E0,-2.142028809E-1,9.306120556E0
1.418762207E0,7.379348755E0,5.141754150E0,-2.621002197E-1,8.997839758E0
1.423736572E0,7.238082886E0,5.230331421E0,-4.248962402E-1,8.940176030E0
1.428710937E0,7.072891235E0,5.321319580E0,-3.889923096E-1,8.859658431E0
1.433715820E0,6.998672485E0,5.302169800E0,-7.534790039E-2,8.780666173E0
1.438690185E0,6.917266846E0,5.359619141E0,-4.421997070E-2,8.750774443E0
1.443664550E0,6.917266846E0,5.453002930E0,3.053283691E-1,8.813458287E0
1.448638916E0,7.046554565E0,5.594253540E0,2.670288086E-1,9.001161497E0
1.453613281E0,7.250061035E0,5.690017700E0,1.928100586E-1,9.218289546E0
1.458587646E0,7.501449585E0,5.814529419E0,-1.069641113E-2,9.491080689E0
1.463562011E0,7.712142944E0,5.934234619E0,-1.160430908E-1,9.731688204E0
1.468536376E0,7.918045044E0,5.970138550E0,-3.554687500E-1,9.922920420E0
1.473541259E0,8.080856323E0,5.936630249E0,-5.230560303E-1,1.004078708E1
1.478515625E0,8.147888184E0,5.903106689E0,-5.565795898E-1,1.007693065E1
1.483489990E0,8.193374634E0,5.876770020E0,-4.751739502E-1,1.009423618E1
1.488464355E0,8.111968994E0,5.838470459E0,-4.823608398E-1,1.000622058E1
1.493438720E0,8.052124023E0,5.783401489E0,-4.440460205E-1,9.923790150E0
1.498413085E0,8.035354614E0,5.716354370E0,-5.230560303E-1,9.875080692E0
1.503387451E0,7.982681274E0,5.678054810E0,-5.733337402E-1,9.812859844E0
1.508361816E0,7.941986084E0,5.620590210E0,-6.236114502E-1,9.749618890E0
1.513336181E0,7.965927124E0,5.582290649E0,-7.265625000E-1,9.754273776E0
1.518341064E0,7.992263794E0,5.517639160E0,-7.457275391E-1,9.740468778E0
1.523315429E0,8.040145874E0,5.474548340E0,-7.409362793E-1,9.755183841E0
1.528289794E0,8.114364624E0,5.445816040E0,-8.438873291E-1,9.808770128E0
1.533264160E0,8.226898193E0,5.378784180E0,-1.035415649E0,9.883585316E0
1.538238525E0,8.320266724E0,5.306945801E0,-1.143157959E0,9.934652596E0
1.543212890E0,8.315475464E0,5.350051880E0,-1.068939209E0,9.945492363E0
1.548187255E0,8.238861084E0,5.309341431E0,-1.056976318E0,9.858252245E0
1.553161621E0,8.083236694E0,5.242309570E0,-1.076126099E0,9.694254611E0
1.558166503E0,8.035354614E0,5.259063721E0,-9.947204590E-1,9.654747215E0
1.563140869E0,8.047332764E0,5.290191650E0,-1.018661499E0,9.684181099E0
1.568115234E0,8.076065063E0,5.256668091E0,-1.059356689E0,9.694205636E0
1.573089599E0,8.126342773E0,5.249496460E0,-1.078521729E0,9.734365366E0
1.578063964E0,8.222106934E0,5.251892090E0,-1.169494629E0,9.826145258E0
1.583038330E0,8.353790283E0,5.340469360E0,-1.248504639E0,9.993257173E0
1.588012695E0,8.490264893E0,5.383560181E0,-1.310760498E0,1.013831402E1
1.592987060E0,8.576446533E0,5.402725220E0,-1.341873169E0,1.022474931E1
1.597961425E0,8.650665283E0,5.450607300E0,-1.289199829E0,1.030558907E1
1.602966308E0,8.724884033E0,5.522430420E0,-1.325119019E0,1.041041688E1
1.607940673E0,8.813476562E0,5.567916870E0,-1.246109009E0,1.049913592E1
1.612915039E0,8.830230713E0,5.666076660E0,-1.090484619E0,1.054829635E1
1.617889404E0,8.892486572E0,5.769027710E0,-9.755706787E-1,1.064470461E1
1.622863769E0,8.921218872E0,5.907897949E0,-8.678283691E-1,1.073520053E1
1.627838134E0,8.885299683E0,5.996475220E0,-7.624816895E-1,1.074651775E1
1.632812500E0,8.662643433E0,6.113800049E0,-7.768402100E-1,1.063124748E1
1.637786865E0,8.401672363E0,6.116195679E0,-7.648773193E-1,1.042022003E1
1.642761230E0,8.212524414E0,6.120986938E0,-7.481231689E-1,1.026994287E1
1.647766113E0,7.963531494E0,6.034790039E0,-7.696685791E-1,1.002142277E1
1.652740478E0,7.760025024E0,5.943817139E0,-8.055725098E-1,9.807950735E0
1.657714843E0,7.534973145E0,5.754669189E0,-8.869781494E-1,9.522539998E0
1.662689209E0,7.288360596E0,5.634963989E0,-9.899291992E-1,9.265688272E0
1.667663574E0,7.082473755E0,5.534408569E0,-9.683837891E-1,9.040402638E0
1.672637939E0,6.938812256E0,5.472152710E0,-9.181060791E-1,8.884508404E0
1.677612304E0,6.768829346E0,5.438629150E0,-9.396514893E-1,8.733766809E0
1.682586669E0,6.680236816E0,5.388351440E0,-1.068939209E0,8.648845368E0
1.687561035E0,6.761642456E0,5.409896851E0,-1.181472778E0,8.739717991E0
1.692565918E0,6.855010986E0,5.431457520E0,-1.164703369E0,8.823176318E0
1.697540283E0,6.955566406E0,5.448211670E0,-1.181472778E0,8.913966141E0
1.702514648E0,7.029800415E0,5.429061890E0,-1.214981079E0,8.964875119E0
1.707489013E0,7.204574585E0,5.476943970E0,-1.157531738E0,9.123743197E0
1.712463378E0,7.398498535E0,5.393142700E0,-9.923248291E-1,9.209151824E0
1.717437744E0,7.609191895E0,5.376388550E0,-7.984008789E-1,9.351085450E0
1.722412109E0,7.812698364E0,5.364410400E0,-6.331939697E-1,9.498215057E0
1.727386474E0,7.980285645E0,5.357223511E0,-6.547393799E-1,9.633975626E0
1.732360839E0,8.054519653E0,5.378784180E0,-6.715087891E-1,9.708631734E0
1.737335205E0,8.217315674E0,5.424270630E0,-5.924987793E-1,9.863977066E0
1.742340087E0,8.384918213E0,5.498489380E0,-5.493927002E-1,1.004201530E1
1.747314453E0,8.439971924E0,5.486511230E0,-5.709533691E-1,1.008270397E1
1.752288818E0,8.586029053E0,5.486511230E0,-5.948944092E-1,1.020664488E1
1.757263183E0,8.677001953E0,5.524826050E0,-6.307983398E-1,1.030591929E1
1.762237548E0,8.794326782E0,5.496093750E0,-5.853118896E-1,1.038700246E1
1.767211914E0,8.832626343E0,5.522430420E0,-4.823608398E-1,1.042809656E1
1.772186279E0,8.772766113E0,5.567916870E0,-4.727783203E-1,1.040128083E1
1.777160644E0,8.796722412E0,5.567916870E0,-5.039062500E-1,1.042295280E1
1.782165527E0,8.825439453E0,5.606231689E0,-4.823608398E-1,1.046665597E1
1.787139892E0,8.856567383E0,5.613403320E0,-3.698272705E-1,1.049218065E1
1.792114257E0,8.902053833E0,5.603836060E0,-3.051910400E-1,1.052343492E1
1.797088623E0,8.928390503E0,5.534408569E0,-2.597045898E-1,1.050777244E1
1.802062988E0,8.933181763E0,5.469757080E0,-2.237854004E-1,1.047712073E1
1.807037353E0,8.870941162E0,5.405120850E0,-1.926574707E-1,1.038970863E1
1.812011718E0,8.806289673E0,5.333282471E0,-1.854858398E-1,1.029704058E1
1.816986084E0,8.612365723E0,5.254272461E0,-3.219451904E-1,1.009375407E1
1.821990966E0,8.372940063E0,5.254272461E0,-4.272918701E-1,9.894244930E0
1.826965332E0,8.135910034E0,5.213577271E0,-5.302429199E-1,9.677581185E0
1.831939697E0,7.925231934E0,5.199218750E0,-5.829162598E-1,9.496366051E0
1.836914062E0,7.745666504E0,5.091476440E0,-6.667175293E-1,9.293169222E0
1.841888427E0,7.587646484E0,5.091476440E0,-7.672729492E-1,9.169744778E0
1.846862793E0,7.508636475E0,5.034011841E0,-8.821868896E-1,9.082904306E0
1.851837158E0,7.518203735E0,5.074722290E0,-8.750152588E-1,9.112729856E0
1.856811523E0,7.539764404E0,5.113021851E0,-8.774108887E-1,9.152097551E0
1.861816406E0,7.637924194E0,5.122604370E0,-8.223419189E-1,9.233374668E0
1.866790771E0,7.740875244E0,5.223159790E0,-8.175506592E-1,9.373949905E0
1.871765136E0,7.841430664E0,5.275833130E0,-8.726196289E-1,9.491254664E0
1.876739501E0,8.025787354E0,5.340469360E0,-8.414916992E-1,9.676878831E0
1.881713867E0,8.100006104E0,5.426666260E0,-7.050170898E-1,9.775267499E0
1.886688232E0,8.104797363E0,5.512847900E0,-5.326385498E-1,9.816462504E0
1.891662597E0,8.133514404E0,5.575103760E0,-3.458862305E-1,9.866887847E0
1.896636962E0,8.152679443E0,5.637359619E0,-2.668762207E-1,9.915504450E0
1.901611328E0,8.195770264E0,5.718750000E0,-2.213897705E-1,9.996187534E0
1.906585693E0,8.222106934E0,5.711578369E0,-7.295227051E-2,1.001151796E1
1.911590576E0,8.250839233E0,5.687637329E0,5.633544922E-2,1.002141408E1
1.916564941E0,8.222106934E0,5.673263550E0,1.856231689E-1,9.991166984E0
1.921539306E0,8.351394653E0,5.646926880E0,3.077239990E-1,1.008604332E1
1.926513671E0,8.473495483E0,5.620590210E0,2.789916992E-1,1.017197112E1
1.931488037E0,8.564483643E0,5.606231689E0,1.664733887E-1,1.023757428E1
1.936462402E0,8.586029053E0,5.517639160E0,8.453369141E-3,1.020609172E1
1.941436767E0,8.576446533E0,5.450607300E0,-8.970642090E-2,1.016231284E1
1.946411132E0,8.650665283E0,5.373992920E0,-2.525177002E-1,1.018712790E1
1.951416015E0,8.619537354E0,5.275833130E0,-4.201049805E-1,1.011470848E1
1.956390380E0,8.586029053E0,5.148941040E0,-6.403808594E-1,1.003202753E1
1.961364746E0,8.533355713E0,5.007675171E0,-7.840270996E-1,9.925203717E0
1.966339111E0,8.569259644E0,4.943038940E0,-8.558502197E-1,9.929668897E0
1.971313476E0,8.621932983E0,4.883178711E0,-9.731750488E-1,9.956416643E0
1.976287841E0,8.648269653E0,4.804168701E0,-1.049789429E0,9.948601045E0
1.981262207E0,8.629119873E0,4.782623291E0,-1.068939209E0,9.923599466E0
1.986236572E0,8.523773193E0,4.756286621E0,-1.030639648E0,9.815252924E0
1.991210937E0,8.277175903E0,4.689254761E0,-9.971160889E-1,9.565301440E0
1.996215820E0,7.997055054E0,4.698822021E0,-9.300689697E-1,9.321847789E0
2.001190185E0,7.812698364E0,4.729949951E0,-8.486785889E-1,9.172291841E0
2.006164550E0,7.688201904E0,4.765869141E0,-7.792358398E-1,9.079050924E0
2.011138916E0,7.630737305E0,4.782623291E0,-7.145996094E-1,9.033952068E0
2.016113281E0,7.570877075E0,4.852050781E0,-6.092529297E-1,9.012866670E0
2.021087646E0,7.566101074E0,4.938247681E0,-5.374298096E-1,9.051022396E0
2.026062011E0,7.726501465E0,5.019653320E0,-4.632110596E-1,9.225524854E0
2.031036376E0,7.862976074E0,5.113021851E0,-3.722229004E-1,9.386582716E0
2.036010742E0,7.872558594E0,5.175277710E0,-4.225006104E-1,9.430757390E0
2.041015625E0,7.958740234E0,5.259063721E0,-4.464416504E-1,9.549796201E0
2.045989990E0,8.064086914E0,5.261459351E0,-4.344787598E-1,9.638528106E0
2.050964355E0,8.255630493E0,5.316528320E0,-3.889923096E-1,9.827116731E0
2.055938720E0,8.380126953E0,5.294982910E0,-4.488372803E-1,9.922944456E0
2.060913085E0,8.507019043E0,5.306945801E0,-4.392700195E-1,1.003623460E1
2.065887451E0,8.559692383E0,5.275833130E0,-4.656066895E-1,1.006576070E1
2.070861816E0,8.600387573E0,5.306945801E0,-4.392700195E-1,1.011549793E1
2.075836181E0,8.552505493E0,5.373992920E0,-4.153289795E-1,1.010928525E1
2.080810546E0,8.437591553E0,5.366806030E0,-5.374298096E-1,1.001420935E1
2.085815429E0,8.325057983E0,5.407501221E0,-6.140441895E-1,9.946090194E0
2.090789794E0,8.207748413E0,5.412292480E0,-6.547393799E-1,9.853361232E0
2.095764160E0,8.193374634E0,5.414688110E0,-6.834716797E-1,9.844661942E0
2.100738525E0,8.174224854E0,5.433837891E0,-6.595306396E-1,9.837658606E0
2.105712890E0,8.200561523E0,5.419479370E0,-6.978454590E-1,9.854286084E0
2.110687255E0,8.253234863E0,5.364410400E0,-6.954498291E-1,9.867949894E0
2.115661621E0,8.396881104E0,5.306945801E0,-6.427764893E-1,9.954117119E0
2.120635986E0,8.502227783E0,5.218368530E0,-5.541839600E-1,9.991314591E0
2.125610351E0,8.650665283E0,5.148941040E0,-5.015106201E-1,1.007953950E1
2.130615234E0,8.751220703E0,5.103439331E0,-4.967193604E-1,1.014276525E1
2.135589599E0,8.870941162E0,5.134567261E0,-4.536285400E-1,1.025978347E1
2.140563964E0,8.945159912E0,5.180053711E0,-4.009552002E-1,1.034454481E1
2.145538330E0,9.012191772E0,5.168090820E0,-3.698272705E-1,1.039545744E1
2.150512695E0,9.024169922E0,5.232727051E0,-3.315277100E-1,1.043680918E1
2.155487060E0,9.014587402E0,5.299774170E0,-3.267364502E-1,1.046217707E1
2.160461425E0,8.902053833E0,5.273437500E0,-2.980041504E-1,1.035106333E1
2.165435791E0,8.827835083E0,5.254272461E0,-3.219451904E-1,1.027821483E1
2.170410156E0,8.751220703E0,5.239913940E0,-3.219451904E-1,1.020510708E1
2.175415039E0,8.708129883E0,5.196823120E0,-4.344787598E-1,1.015023489E1
2.180389404E0,8.562088013E0,5.139358521E0,-5.230560303E-1,9.999797235E0
2.185363769E0,8.416030884E0,5.132171631E0,-5.805206299E-1,9.874500782E0
2.190338134E0,8.274780273E0,5.091476440E0,-6.786804199E-1,9.739390537E0
2.195312500E0,8.128738403E0,5.048385620E0,-7.409362793E-1,9.597477375E0
2.200286865E0,8.001846313E0,5.019653320E0,-9.013519287E-1,9.488882926E0
2.205261230E0,7.910858154E0,5.034011841E0,-9.731750488E-1,9.427089775E0
2.210235595E0,7.913253784E0,5.072326660E0,-9.779663086E-1,9.450105888E0
2.215209960E0,7.946777344E0,5.144149780E0,-9.516296387E-1,9.514155038E0
2.220214843E0,8.056900024E0,5.163299561E0,-9.133148193E-1,9.612879086E0
2.225189209E0,8.061691284E0,5.242309570E0,-8.031768799E-1,9.649754872E0
2.230163574E0,8.155075073E0,5.328506470E0,-6.643218994E-1,9.764197572E0
2.235137939E0,8.150283813E0,5.397933960E0,-5.134887695E-1,9.789202623E0
2.240112304E0,8.186187744E0,5.402725220E0,-3.985595703E-1,9.816412752E0
2.245086669E0,8.214920044E0,5.421875000E0,-3.243408203E-1,9.848189519E0
2.250061035E0,8.248443604E0,5.467361450E0,-1.902618408E-1,9.897730178E0
2.255035400E0,8.301116943E0,5.462570190E0,-1.352081299E-1,9.938133468E0
2.260009765E0,8.346603394E0,5.433837891E0,-1.687164307E-1,9.960966201E0
2.265014648E0,8.348999023E0,5.402725220E0,-2.477264404E-1,9.947692842E0
2.269989013E0,8.315475464E0,5.304565430E0,-3.147735596E-1,9.868365061E0
2.274963378E0,8.246047974E0,5.218368530E0,-4.105377197E-1,9.767149969E0
2.279937744E0,8.258026123E0,5.125000000E0,-5.206604004E-1,9.733021509E0
2.284912109E0,8.265197754E0,5.120208740E0,-6.236114502E-1,9.742634279E0
2.289886474E0,8.258026123E0,5.196823120E0,-7.385406494E-1,9.785060464E0
2.294860839E0,8.308303833E0,5.227951050E0,-7.840270996E-1,9.847541990E0
2.299835205E0,8.399276733E0,5.249496460E0,-8.654327393E-1,9.942536726E0
2.304809570E0,8.411254883E0,5.206390381E0,-9.205017090E-1,9.934940005E0
2.309814453E0,8.478286743E0,5.172882080E0,-9.588012695E-1,9.977943425E0
2.314788818E0,8.418426514E0,5.113021851E0,-8.893737793E-1,9.889584578E0
2.319763183E0,8.447158813E0,5.139358521E0,-7.768402100E-1,9.918214493E0
2.324737548E0,8.430404663E0,5.115417480E0,-6.571350098E-1,9.882866244E0
2.329711914E0,8.401672363E0,5.213577271E0,-5.996704102E-1,9.906012874E0
2.334686279E0,8.399276733E0,5.218368530E0,-5.948944092E-1,9.906216186E0
2.339660644E0,8.418426514E0,5.220764160E0,-5.877075195E-1,9.923289954E0
2.344635009E0,8.368148804E0,5.170486450E0,-4.680023193E-1,9.847785066E0
2.349609375E0,8.224502563E0,5.170486450E0,-3.363189697E-1,9.720570096E0
2.354614257E0,8.116760254E0,5.139358521E0,-3.506774902E-1,9.613416548E0
2.359588623E0,8.121551514E0,5.120208740E0,-3.267364502E-1,9.606398557E0
2.364562988E0,8.100006104E0,5.146545410E0,-3.171539307E-1,9.601958923E0
2.369537353E0,8.133514404E0,5.153717041E0,-4.057464600E-1,9.637400380E0
2.374511718E0,8.123947144E0,5.153717041E0,-4.105377197E-1,9.629530505E0
2.379486084E0,8.109573364E0,5.122604370E0,-3.387145996E-1,9.597967663E0
2.384460449E0,8.104797363E0,5.101043701E0,-2.860412598E-1,9.580720575E0
2.389434814E0,8.147888184E0,5.170486450E0,-3.818054199E-1,9.657524909E0
2.394409179E0,8.241256714E0,5.180053711E0,-4.871520996E-1,9.746208793E0
2.399383544E0,8.231689453E0,5.180053711E0,-5.661621094E-1,9.742392275E0
2.404388427E0,8.308303833E0,5.103439331E0,-5.996704102E-1,9.768961572E0
2.409362793E0,8.341812134E0,5.103439331E0,-6.212310791E-1,9.798818844E0
2.414337158E0,8.401672363E0,5.065139771E0,-6.068572998E-1,9.829141121E0
2.419311523E0,8.442367554E0,5.005279541E0,-5.278472900E-1,9.828785070E0
2.424285888E0,8.447158813E0,4.988525391E0,-5.230560303E-1,9.824126689E0
2.429260253E0,8.416030884E0,4.969375610E0,-5.039062500E-1,9.786633298E0
2.434234619E0,8.375335693E0,5.017257690E0,-4.488372803E-1,9.773462928E0
2.439208984E0,8.463928223E0,5.045989990E0,-4.057464600E-1,9.862288078E0
2.444183349E0,8.475891113E0,5.086685181E0,-4.129333496E-1,9.893715694E0
2.449188232E0,8.430404663E0,5.115417480E0,-3.339233398E-1,9.866647028E0
2.454162597E0,8.353790283E0,5.108230591E0,-2.549133301E-1,9.795142300E0
2.459136962E0,8.308303833E0,5.156112671E0,-2.285766602E-1,9.780882258E0
2.464111328E0,8.372940063E0,5.144149780E0,-1.878662109E-1,9.828717922E0
2.469085693E0,8.392089844E0,5.105834961E0,-2.237854004E-1,9.825823248E0
2.474060058E0,8.404067993E0,5.067535400E0,-2.980041504E-1,9.818201482E0
2.479034423E0,8.399276733E0,5.043594360E0,-3.865966797E-1,9.804853426E0
2.484008789E0,8.416030884E0,5.060348511E0,-4.272918701E-1,9.829510732E0
2.488983154E0,8.372940063E0,5.041198730E0,-4.488372803E-1,9.783724488E0
2.493988037E0,8.411254883E0,5.043594360E0,-5.350341797E-1,9.822082994E0
2.498962402E0,8.437591553E0,5.113021851E0,-5.924987793E-1,9.883673328E0
2.503936767E0,8.516586304E0,5.172882080E0,-5.757293701E-1,9.981102925E0
2.508911132E0,8.586029053E0,5.266250610E0,-4.680023193E-1,1.008326914E1
2.513885498E0,8.562088013E0,5.294982910E0,-3.770141602E-1,1.007414189E1
2.518859863E0,8.569259644E0,5.328506470E0,-3.746185303E-1,1.009779833E1
2.523834228E0,8.483078003E0,5.290191650E0,-3.937683105E-1,1.000518833E1
2.528808593E0,8.411254883E0,5.278228760E0,-4.895477295E-1,9.942261540E0
2.533782959E0,8.358581543E0,5.271041870E0,-4.416656494E-1,9.891654884E0
2.538757324E0,8.334640503E0,5.297378540E0,-4.105377197E-1,9.884178920E0
2.543762207E0,8.291534424E0,5.318923950E0,-3.578643799E-1,9.857411527E0
2.548736572E0,8.212524414E0,5.263854980E0,-3.746185303E-1,9.761867933E0
2.553710937E0,8.095214844E0,5.275833130E0,-3.842010498E-1,9.670291052E0
2.558685302E0,8.004226685E0,5.215972900E0,-3.913879395E-1,9.561757298E0
2.563659668E0,7.934799194E0,5.203994751E0,-4.129333496E-1,9.498058411E0
2.568634033E0,7.946777344E0,5.206390381E0,-4.488372803E-1,9.511005512E0
2.573608398E0,8.018600464E0,5.223159790E0,-5.063018799E-1,9.583094134E0
2.578582763E0,8.114364624E0,5.278228760E0,-5.781250000E-1,9.697259438E0
2.583557128E0,8.246047974E0,5.323715210E0,-6.236114502E-1,9.835046622E0
2.588562011E0,8.301116943E0,5.350051880E0,-6.499481201E-1,9.897172838E0
2.593536376E0,8.291534424E0,5.311737061E0,-6.355895996E-1,9.867525923E0
2.598510742E0,8.224502563E0,5.294982910E0,-5.733337402E-1,9.798367110E0
2.603485107E0,8.222106934E0,5.213577271E0,-5.661621094E-1,9.752177701E0
2.608459472E0,8.183792114E0,5.172882080E0,-6.571350098E-1,9.703864632E0
2.613433837E0,8.277175903E0,5.089080811E0,-7.960052490E-1,9.749051687E0
2.618408203E0,8.380126953E0,5.072326660E0,-8.223419189E-1,9.830120637E0
2.623382568E0,8.461532593E0,5.024429321E0,-8.007965088E-1,9.873383355E0
2.628356933E0,8.602783203E0,5.022048950E0,-9.061279297E-1,1.000249580E1
2.633331298E0,8.684188843E0,4.969375610E0,-1.001907349E0,1.005552824E1
2.638336181E0,8.722488403E0,4.923873901E0,-9.611968994E-1,1.006231771E1
2.643310546E0,8.700942993E0,4.931060791E0,-8.893737793E-1,1.004055552E1
2.648284912E0,8.732070923E0,4.983734131E0,-7.912139893E-1,1.008527085E1
2.653259277E0,8.712921143E0,5.026824951E0,-7.169952393E-1,1.008454491E1
2.658233642E0,8.677001953E0,5.065139771E0,-5.877075195E-1,1.006436307E1
2.663208007E0,8.636306763E0,5.144149780E0,-4.775695801E-1,1.006360493E1
2.668182373E0,8.526168823E0,5.177658081E0,-3.506774902E-1,9.981316181E0
2.673156738E0,8.392089844E0,5.144149780E0,-3.291320801E-1,9.848744937E0
2.678131103E0,8.262802124E0,5.158508301E0,-2.836456299E-1,9.744976227E0
2.683135986E0,8.224502563E0,5.180053711E0,-1.878662109E-1,9.721660999E0
2.688110351E0,8.183792114E0,5.225555420E0,-1.735076904E-1,9.711384440E0
2.693084716E0,8.188583374E0,5.249496460E0,-2.525177002E-1,9.730050151E0
2.698059082E0,8.243652344E0,5.215972900E0,-3.219451904E-1,9.760523857E0
2.703033447E0,8.317871094E0,5.215972900E0,-3.195495605E-1,9.823210511E0
2.708007812E0,8.392089844E0,5.180053711E0,-3.818054199E-1,9.869442931E0
2.712982177E0,8.509414673E0,5.160903931E0,-4.153289795E-1,9.960801455E0
2.717956543E0,8.581237793E0,5.098663330E0,-4.656066895E-1,9.992537185E0
2.722961425E0,8.624328613E0,5.057952881E0,-4.991149902E-1,1.001054680E1
2.727935791E0,8.552505493E0,5.060348511E0,-4.751739502E-1,9.948782214E0
2.732910156E0,8.557296753E0,5.065139771E0,-4.775695801E-1,9.955452843E0
2.737884521E0,8.535751343E0,5.096267700E0,-5.110931396E-1,9.954507103E0
2.742858886E0,8.516586304E0,5.067535400E0,-4.823608398E-1,9.921936771E0
2.747833251E0,8.396881104E0,5.053161621E0,-3.937683105E-1,9.808012445E0
2.752807617E0,8.334640503E0,5.086685181E0,-3.985595703E-1,9.772381909E0
2.757781982E0,8.322662354E0,5.096267700E0,-4.560241699E-1,9.769678151E0
2.762756347E0,8.296325684E0,5.086685181E0,-5.230560303E-1,9.745613043E0
2.767730712E0,8.296325684E0,5.101043701E0,-4.919433594E-1,9.751496037E0
2.772735595E0,8.229293823E0,5.098663330E0,-5.110931396E-1,9.694269482E0
2.777709960E0,8.078460693E0,4.990921021E0,-6.116485596E-1,9.515510169E0
2.782684326E0,7.956344604E0,4.907119751E0,-6.667175293E-1,9.371646386E0
2.787658691E0,7.793548584E0,4.907119751E0,-6.762847900E-1,9.234532197E0
2.792633056E0,7.762420654E0,4.945434570E0,-6.643218994E-1,9.227882806E0
2.797607421E0,7.805511475E0,5.062744141E0,-7.026214600E-1,9.330115998E0
2.802581787E0,7.817489624E0,5.125000000E0,-7.409362793E-1,9.376980089E0
2.807556152E0,7.850997925E0,5.098663330E0,-7.912139893E-1,9.394708923E0
2.812561035E0,7.915649414E0,5.122604370E0,-7.816314697E-1,9.460947571E0
2.817535400E0,7.968322754E0,5.105834961E0,-7.505035400E-1,9.493522725E0
2.822509765E0,8.042541504E0,5.096267700E0,-6.930541992E-1,9.546451824E0
2.827484130E0,8.119155884E0,5.117813110E0,-6.691131592E-1,9.620832382E0
2.832458496E0,8.169433594E0,5.091476440E0,-6.810760498E-1,9.650214618E0
2.837432861E0,8.212524414E0,5.160903931E0,-6.786804199E-1,9.723224452E0
2.842407226E0,8.269989014E0,5.220764160E0,-6.427764893E-1,9.801135563E0
2.847381591E0,8.353790283E0,5.299774170E0,-5.374298096E-1,9.907686367E0
2.852355957E0,8.348999023E0,5.352447510E0,-4.368743896E-1,9.927000467E0
2.857330322E0,8.346603394E0,5.381179810E0,-3.291320801E-1,9.936358099E0
2.862335205E0,8.368148804E0,5.378784180E0,-2.884368896E-1,9.951905822E0
2.867309570E0,8.413650513E0,5.366806030E0,-2.980041504E-1,9.984033673E0
2.872283935E0,8.439971924E0,5.371597290E0,-2.022399902E-1,1.000640218E1
2.877258300E0,8.545318604E0,5.352447510E0,-1.998443604E-1,1.008519222E1
2.882232666E0,8.624328613E0,5.340469360E0,-2.932128906E-1,1.014818362E1
2.887207031E0,8.633911133E0,5.318923950E0,-2.692718506E-1,1.014435216E1
2.892181396E0,8.672210693E0,5.316528320E0,-1.998443604E-1,1.017411664E1
2.897155761E0,8.753616333E0,5.359619141E0,-1.280212402E-1,1.026487728E1
2.902130126E0,8.803894043E0,5.409896851E0,-1.639251709E-1,1.033452494E1
2.907135009E0,8.873336792E0,5.457794189E0,-1.399841309E-1,1.041840769E1
2.912109375E0,8.813476562E0,5.433837891E0,-1.854858398E-1,1.035559599E1
2.917083740E0,8.741653442E0,5.366806030E0,-2.597045898E-1,1.026092385E1
2.922058105E0,8.626724243E0,5.285400391E0,-2.189941406E-1,1.011947562E1
2.927032470E0,8.490264893E0,5.187240601E0,-2.381591797E-1,9.952325497E0
2.932006835E0,8.514205933E0,5.192031860E0,-3.195495605E-1,9.977525215E0
2.936981201E0,8.420822144E0,5.199218750E0,-5.015106201E-1,9.909270109E0
2.941955566E0,8.370544434E0,5.172882080E0,-5.422210693E-1,9.854883399E0
2.946960449E0,8.241256714E0,5.172882080E0,-5.541839600E-1,9.745980766E0
2.951934814E0,8.135910034E0,5.136962891E0,-5.924987793E-1,9.640149098E0
2.956909179E0,8.085632324E0,5.136962891E0,-5.901031494E-1,9.597606970E0
2.961883544E0,8.037750244E0,5.158508301E0,-5.996704102E-1,9.569495362E0
2.966857910E0,7.944381714E0,5.146545410E0,-6.307983398E-1,9.486729522E0
2.971862793E0,7.932403564E0,5.144149780E0,-6.451721191E-1,9.476367993E0
2.976837158E0,7.946777344E0,5.160903931E0,-6.044616699E-1,9.494818242E0
2.981811523E0,7.994659424E0,5.242309570E0,-6.188354492E-1,9.580153769E0
2.986785888E0,8.095214844E0,5.302169800E0,-6.523437500E-1,9.699023679E0
2.991760253E0,8.224502563E0,5.390747070E0,-6.212310791E-1,9.853350925E0
2.996734619E0,8.439971924E0,5.505676270E0,-6.715087891E-1,1.009933272E1
3.001708984E0,8.463928223E0,5.512847900E0,-7.241821289E-1,1.012689551E1
3.006683349E0,8.404067993E0,5.421875000E0,-6.092529297E-1,1.001979423E1
3.011657714E0,8.298721313E0,5.323715210E0,-4.392700195E-1,9.869330131E0
3.016632080E0,8.147888184E0,5.316528320E0,-4.081420898E-1,9.737563104E0
3.021606445E0,7.965927124E0,5.254272461E0,-4.033508301E-1,9.551233739E0
3.026580810E0,7.925231934E0,5.268646240E0,-4.680023193E-1,9.528219171E0
3.031555175E0,7.977905273E0,5.223159790E0,-4.823608398E-1,9.547829215E0
3.036560058E0,8.071273804E0,5.237518311E0,-5.110931396E-1,9.635262065E0
3.041534423E0,8.198165894E0,5.192031860E0,-6.786804199E-1,9.727678344E0
3.046508789E0,8.346603394E0,5.115417480E0,-8.079681396E-1,9.822733669E0
3.051483154E0,8.413650513E0,5.007675171E0,-8.486785889E-1,9.827847217E0
3.056457519E0,8.459136963E0,4.959793091E0,-7.744598389E-1,9.836479741E0
3.061431884E0,8.547714233E0,4.947814941E0,-7.457275391E-1,9.904564648E0
3.066406250E0,8.595596313E0,5.012466431E0,-6.403808594E-1,9.970916876E0
3.071380615E0,8.677001953E0,5.120208740E0,-5.661621094E-1,1.009095833E1
3.076354980E0,8.648269653E0,5.249496460E0,-5.422210693E-1,1.013132690E1
3.081359863E0,8.571655273E0,5.294982910E0,-4.943389893E-1,1.008734302E1
3.086334228E0,8.430404663E0,5.316528320E0,-4.871520996E-1,9.978702988E0
3.091308593E0,8.250839233E0,5.285400391E0,-3.913879395E-1,9.806374960E0
3.096282959E0,8.042541504E0,5.218368530E0,-3.195495605E-1,9.592494768E0
3.101257324E0,7.874954224E0,5.201614380E0,-2.884368896E-1,9.442186824E0
3.106231689E0,7.769607544E0,5.175277710E0,-2.956085205E-1,9.340111625E0
3.111206054E0,7.716934204E0,5.139358521E0,-2.836456299E-1,9.276019316E0
3.116180419E0,7.798339844E0,5.151336670E0,-2.333679199E-1,9.349055267E0
3.121154785E0,7.922836304E0,5.208786011E0,-2.285766602E-1,9.484462773E0
3.126129150E0,8.001846313E0,5.235122681E0,-2.142028809E-1,9.564619009E0
3.131134033E0,8.013809204E0,5.211181641E0,-2.070312500E-1,9.561402302E0
3.136108398E0,8.068878174E0,5.163299561E0,-2.525177002E-1,9.582808697E0
3.141082763E0,8.025787354E0,5.175277710E0,-3.961639404E-1,9.557913365E0
3.146057128E0,8.032958984E0,5.261459351E0,-4.488372803E-1,9.613159702E0
3.151031494E0,8.080856323E0,5.321319580E0,-4.129333496E-1,9.684378914E0
3.156005859E0,8.102401733E0,5.371597290E0,-3.650512695E-1,9.728115631E0
3.160980224E0,8.109573364E0,5.362014771E0,-2.860412598E-1,9.726160710E0
3.165954589E0,8.080856323E0,5.393142700E0,-2.501220703E-1,9.718476637E0
3.170928955E0,8.131134033E0,5.419479370E0,-2.381591797E-1,9.774600611E0
3.175933837E0,8.181411743E0,5.426666260E0,-2.956085205E-1,9.821995174E0
3.180908203E0,8.183792114E0,5.397933960E0,-2.812500000E-1,9.807713595E0
3.185882568E0,8.205352783E0,5.373992920E0,-2.716674805E-1,9.812309485E0
3.190856933E0,8.262802124E0,5.314132690E0,-3.291320801E-1,9.829660885E0
3.195831298E0,8.351394653E0,5.275833130E0,-3.315277100E-1,9.883831165E0
3.200805664E0,8.490264893E0,5.201614380E0,-3.961639404E-1,9.964855040E0
3.205780029E0,8.583633423E0,5.220764160E0,-3.961639404E-1,1.005445608E1
3.210754394E0,8.667434692E0,5.218368530E0,-4.009552002E-1,1.012504614E1
3.215728759E0,8.705734253E0,5.206390381E0,-4.320831299E-1,1.015298013E1
3.220733642E0,8.724884033E0,5.213577271E0,-5.326385498E-1,1.017785307E1
3.225708007E0,8.617156982E0,5.180053711E0,-5.039062500E-1,1.006688991E1
3.230682373E0,8.492645264E0,5.156112671E0,-4.727783203E-1,9.946559244E0
3.235656738E0,8.439971924E0,5.113021851E0,-4.440460205E-1,9.877919588E0
3.240631103E0,8.363357544E0,5.113021851E0,-3.961639404E-1,9.810488659E0
3.245605468E0,8.296325684E0,5.122604370E0,-4.081420898E-1,9.758927981E0
3.250579834E0,8.265197754E0,5.148941040E0,-3.985595703E-1,9.745970320E0
3.255554199E0,8.303512573E0,5.141754150E0,-3.674316406E-1,9.773482635E0
3.260528564E0,8.289138794E0,5.110626221E0,-3.482818604E-1,9.744209694E0
3.265533447E0,8.313079834E0,5.163299561E0,-3.027954102E-1,9.790742757E0
3.270507812E0,8.305908203E0,5.206390381E0,-4.081420898E-1,9.811278808E0
3.275482177E0,8.277175903E0,5.239913940E0,-5.446166992E-1,9.811470144E0
3.280456543E0,8.327453613E0,5.256668091E0,-4.799652100E-1,9.859483237E0
3.285430908E0,8.327453613E0,5.318923950E0,-4.368743896E-1,9.890818717E0
3.290405273E0,8.327453613E0,5.364410400E0,-4.680023193E-1,9.916774112E0
3.295379638E0,8.279571533E0,5.369201660E0,-5.853118896E-1,9.885455035E0
3.300354003E0,8.219711304E0,5.397933960E0,-6.284027100E-1,9.853742178E0
3.305328369E0,8.159851074E0,5.362014771E0,-5.972747803E-1,9.782183249E0
3.310333251E0,8.016204834E0,5.294982910E0,-6.834716797E-1,9.631381910E0
3.315307617E0,7.944381714E0,5.177658081E0,-6.978454590E-1,9.508329627E0
3.320281982E0,7.896499634E0,5.103439331E0,-6.762847900E-1,9.426407618E0
3.325256347E0,7.941986084E0,5.103439331E0,-5.924987793E-1,9.458926512E0
3.330230712E0,8.042541504E0,5.129776001E0,-5.589752197E-1,9.555601967E0
3.335205078E0,8.179016113E0,5.125000000E0,-5.254516602E-1,9.666334829E0
3.340179443E0,8.327453613E0,5.103439331E0,-5.613708496E-1,9.782980830E0
3.345153808E0,8.439971924E0,5.079498291E0,-4.943389893E-1,9.863001572E0
3.350128173E0,8.461532593E0,5.091476440E0,-4.416656494E-1,9.885126944E0
3.355102539E0,8.492645264E0,5.153717041E0,-4.823608398E-1,9.945777742E0
3.360107421E0,8.451950073E0,5.218368530E0,-3.889923096E-1,9.940731622E0
3.365081787E0,8.497436523E0,5.280609131E0,-2.309722900E-1,1.000722781E1
3.370056152E0,8.483078003E0,5.338073730E0,-1.663208008E-1,1.002423594E1
3.375030517E0,8.495040894E0,5.364410400E0,-1.687164307E-1,1.004843689E1
3.380004882E0,8.396881104E0,5.294982910E0,-2.070312500E-1,9.929114675E0
3.384979248E0,8.387313843E0,5.189636230E0,-1.854858398E-1,9.864773829E0
3.389953613E0,8.368148804E0,5.079498291E0,-2.094268799E-1,9.791377682E0
3.394927978E0,8.459136963E0,4.998092651E0,-2.525177002E-1,9.828616052E0
3.399902343E0,8.461532593E0,4.933456421E0,-2.573089600E-1,9.798098488E0
3.404907226E0,8.461532593E0,4.945434570E0,-2.884368896E-1,9.805001415E0
3.409881591E0,8.535751343E0,4.976547241E0,-2.453308105E-1,9.883585414E0
3.414855957E0,8.569259644E0,4.998092651E0,-2.333679199E-1,9.923084277E0
3.419830322E0,8.708129883E0,4.947814941E0,-2.836456299E-1,1.001962343E1
3.424804687E0,8.811080933E0,4.883178711E0,-3.818054199E-1,1.008098988E1
3.429779052E0,8.894882202E0,4.852050781E0,-4.440460205E-1,1.014191811E1
3.434753418E0,8.981063843E0,4.823318481E0,-4.536285400E-1,1.020439551E1
3.439727783E0,8.973892212E0,4.770645142E0,-5.110931396E-1,1.017600180E1
3.444732666E0,8.988250732E0,4.729949951E0,-5.709533691E-1,1.017285926E1
3.449707031E0,8.945159912E0,4.753890991E0,-6.068572998E-1,1.014808559E1
3.454681396E0,8.978668213E0,4.799377441E0,-6.643218994E-1,1.020254038E1
3.459655761E0,9.000228882E0,4.792205811E0,-6.379852295E-1,1.021647599E1
3.464630126E0,8.971496582E0,4.825714111E0,-6.140441895E-1,1.020550429E1
3.469604492E0,8.906845093E0,4.832901001E0,-6.068572998E-1,1.015170416E1
3.474578857E0,8.791931152E0,4.844863892E0,-5.924987793E-1,1.005593428E1
3.479553222E0,8.758407593E0,4.849655151E0,-5.422210693E-1,1.002610903E1
3.484527587E0,8.657852173E0,4.861633301E0,-5.015106201E-1,9.942102167E0
3.489532470E0,8.327453613E0,4.875991821E0,-5.565795898E-1,9.666000246E0
3.494506835E0,8.277175903E0,4.931060791E0,-5.781250000E-1,9.652006526E0
3.499481201E0,8.281967163E0,4.971771240E0,-5.589752197E-1,9.675843253E0
3.504455566E0,8.289138794E0,5.062744141E0,-4.105377197E-1,9.721612078E0
3.509429931E0,8.246047974E0,5.038803101E0,-3.387145996E-1,9.669621060E0
3.514404296E0,8.140701294E0,5.101043701E0,-3.267364502E-1,9.612409745E0
3.519378662E0,8.143096924E0,5.117813110E0,-2.309722900E-1,9.620571020E0
3.524353027E0,8.147888184E0,5.148941040E0,-1.687164307E-1,9.639924321E0
3.529327392E0,8.126342773E0,5.125000000E0,-1.160430908E-1,9.608149555E0
3.534301757E0,8.121551514E0,5.168090820E0,-1.280212402E-1,9.627312769E0
3.539306640E0,8.088027954E0,5.141754150E0,-1.280212402E-1,9.584895480E0
3.544281005E0,8.090423584E0,5.180053711E0,-6.097412109E-2,9.606853182E0
3.549255371E0,8.111968994E0,5.172882080E0,-2.986145020E-2,9.621000035E0
3.554229736E0,8.145492554E0,5.182449341E0,-4.421997070E-2,9.654469717E0
3.559204101E0,8.116760254E0,5.170486450E0,-7.295227051E-2,9.623983021E0
3.564178466E0,8.157470703E0,5.168090820E0,-1.663208008E-1,9.658216896E0
3.569152832E0,8.068878174E0,5.103439331E0,-2.980041504E-1,9.551999501E0
3.574127197E0,8.016204834E0,5.115417480E0,-3.746185303E-1,9.516689287E0
3.579101562E0,7.992263794E0,5.034011841E0,-4.584197998E-1,9.456622255E0
3.584106445E0,7.941986084E0,4.969375610E0,-4.799652100E-1,9.380842367E0
3.589080810E0,7.925231934E0,4.952606201E0,-6.092529297E-1,9.365297567E0
3.594055175E0,7.841430664E0,4.933456421E0,-6.762847900E-1,9.288939026E0
3.599029541E0,7.800720215E0,4.952606201E0,-7.481231689E-1,9.270341543E0
3.604003906E0,7.927612305E0,4.971771240E0,-7.385406494E-1,9.386745358E0
3.608978271E0,8.061691284E0,4.986129761E0,-6.810760498E-1,9.503484673E0
3.613952636E0,8.193374634E0,5.010070801E0,-6.212310791E-1,9.623831117E0
3.618927001E0,8.325057983E0,5.053161621E0,-5.829162598E-1,9.756066019E0
3.623901367E0,8.327453613E0,5.069931030E0,-5.805206299E-1,9.766662098E0
3.628875732E0,8.356185913E0,5.062744141E0,-4.632110596E-1,9.781195517E0
3.633880615E0,8.377731323E0,5.134567261E0,-4.177093506E-1,9.834868793E0
3.638854980E0,8.358581543E0,5.177658081E0,-3.650512695E-1,9.839069623E0
3.643829345E0,8.377731323E0,5.201614380E0,-3.243408203E-1,9.866527821E0
3.648803710E0,8.449554443E0,5.208786011E0,-2.142028809E-1,9.928358619E0
3.653778076E0,8.339416504E0,5.182449341E0,-2.405395508E-1,9.821481969E0
3.658752441E0,8.281967163E0,5.148941040E0,-2.884368896E-1,9.756319478E0
3.663726806E0,8.188583374E0,5.105834961E0,-2.213897705E-1,9.652536545E0
3.668701171E0,8.047332764E0,5.096267700E0,-1.256256104E-1,9.526137248E0
3.673675537E0,7.946777344E0,5.151336670E0,-7.295227051E-2,9.470631535E0
3.678649902E0,8.018600464E0,5.263854980E0,-8.013916016E-2,9.592316975E0
3.683654785E0,8.090423584E0,5.342864990E0,-1.423797607E-1,9.696464926E0
3.688629150E0,8.210128784E0,5.429061890E0,-2.118225098E-1,9.845089966E0
3.693603515E0,8.289138794E0,5.493698120E0,-3.051910400E-1,9.949054355E0
3.698577880E0,8.368148804E0,5.476943970E0,-3.267364502E-1,1.000647722E1
3.703552246E0,8.413650513E0,5.426666260E0,-3.267364502E-1,1.001723407E1
3.708526611E0,8.442367554E0,5.340469360E0,-3.291320801E-1,9.995124353E0
3.713500976E0,8.550109863E0,5.287796021E0,-4.272918701E-1,1.006219379E1
3.718475341E0,8.617156982E0,5.148941040E0,-4.727783203E-1,1.004940335E1
3.723449707E0,8.643493652E0,5.074722290E0,-5.493927002E-1,1.003815826E1
3.728454589E0,8.597991943E0,4.976547241E0,-5.733337402E-1,9.950889381E0
3.733428955E0,8.550109863E0,4.892761230E0,-5.924987793E-1,9.868867510E0
3.738403320E0,8.588424683E0,4.892761230E0,-5.948944092E-1,9.902224515E0
3.743377685E0,8.571655273E0,4.921478271E0,-6.212310791E-1,9.903542324E0
3.748352050E0,8.617156982E0,4.902328491E0,-6.499481201E-1,9.935323430E0
3.753326416E0,8.619537354E0,4.923873901E0,-5.972747803E-1,9.944732050E0
3.758300781E0,8.636306763E0,4.914306641E0,-5.086975098E-1,9.949621973E0
3.763275146E0,8.660247803E0,4.964584351E0,-4.129333496E-1,9.990871020E0
3.768249511E0,8.681793213E0,5.031616211E0,-3.554687500E-1,1.004076955E1
3.773254394E0,8.679397583E0,5.077102661E0,-2.908172607E-1,1.005949743E1
3.778228759E0,8.724884033E0,5.175277710E0,-2.309722900E-1,1.014694284E1
3.783203125E0,8.705734253E0,5.275833130E0,-2.070312500E-1,1.018170349E1
3.788177490E0,8.734466553E0,5.323715210E0,-1.735076904E-1,1.023049141E1
3.793151855E0,8.813476562E0,5.441024780E0,-6.816101074E-2,1.035793250E1
3.798126220E0,8.820663452E0,5.505676270E0,-8.316040039E-3,1.039791537E1
3.803100585E0,8.863754272E0,5.553558350E0,3.718566895E-2,1.045990119E1
3.808074951E0,8.811080933E0,5.582290649E0,3.718566895E-2,1.043065189E1
3.813049316E0,8.739257812E0,5.508071899E0,1.564025879E-2,1.033023368E1
3.818023681E0,8.641098022E0,5.453002930E0,4.435729980E-2,1.021791483E1
3.823028564E0,8.578842163E0,5.362014771E0,7.788085938E-2,1.011700552E1
3.828002929E0,8.466308594E0,5.321319580E0,8.267211914E-2,1.000008290E1
3.832977294E0,8.420822144E0,5.280609131E0,5.393981934E-2,9.939717696E0
3.837951660E0,8.406463623E0,5.278228760E0,-4.421997070E-2,9.926242234E0
3.842926025E0,8.315475464E0,5.220764160E0,-9.689331055E-2,9.819007023E0
3.847900390E0,8.265197754E0,5.192031860E0,-1.328125000E-1,9.761574049E0
3.852874755E0,8.210128784E0,5.160903931E0,-2.405395508E-1,9.700464077E0
3.857849121E0,8.219711304E0,5.170486450E0,-3.698272705E-1,9.717734111E0
3.862854003E0,8.219711304E0,5.175277710E0,-4.608154297E-1,9.724171129E0
3.867828369E0,8.150283813E0,5.237518311E0,-4.320831299E-1,9.697701796E0
3.872802734E0,8.155075073E0,5.247100830E0,-4.153289795E-1,9.706174052E0
3.877777099E0,8.207748413E0,5.273437500E0,-3.458862305E-1,9.761962629E0
3.882751464E0,8.246047974E0,5.302169800E0,-3.291320801E-1,9.809110036E0
3.887725830E0,8.272384644E0,5.299774170E0,-2.836456299E-1,9.828550696E0
3.892700195E0,8.238861084E0,5.347656250E0,-2.716674805E-1,9.825989138E0
3.897674560E0,8.279571533E0,5.385955811E0,-2.644805908E-1,9.880778044E0
3.902648925E0,8.346603394E0,5.412292480E0,-2.381591797E-1,9.950649119E0
3.907623291E0,8.420822144E0,5.433837891E0,-2.046356201E-1,1.002390720E1
3.912628173E0,8.437591553E0,5.462570190E0,-1.423797607E-1,1.005250697E1
3.917602539E0,8.423217773E0,5.450607300E0,-8.316040039E-3,1.003293510E1
3.922576904E0,8.430404663E0,5.455398560E0,2.760314941E-2,1.004160635E1
3.927551269E0,8.394485474E0,5.424270630E0,9.225463867E-2,9.994929172E0
3.932525634E0,8.305908203E0,5.395538330E0,4.914855957E-2,9.904663575E0
3.937500000E0,8.183792114E0,5.283004761E0,6.112670898E-2,9.741064066E0
3.942474365E0,8.073669434E0,5.273437500E0,5.633544922E-2,9.643466953E0
3.947448730E0,8.047332764E0,5.266250610E0,5.873107910E-2,9.617505365E0
3.952423095E0,7.968322754E0,5.218368530E0,2.041625977E-2,9.525017294E0
3.957427978E0,7.913253784E0,5.220764160E0,-5.920410156E-3,9.480295297E0
3.962402343E0,7.915649414E0,5.223159790E0,-7.295227051E-2,9.483892970E0
3.967376709E0,7.918045044E0,5.199218750E0,-1.232299805E-1,9.473251741E0
3.972351074E0,7.946777344E0,5.237518311E0,-1.423797607E-1,9.518568180E0
3.977325439E0,8.068878174E0,5.232727051E0,-1.543579102E-1,9.618318654E0
3.982299804E0,8.188583374E0,5.254272461E0,-1.830902100E-1,9.731073877E0
3.987274169E0,8.313079834E0,5.259063721E0,-2.213897705E-1,9.839413650E0
3.992248535E0,8.408859253E0,5.242309570E0,-2.189941406E-1,9.911542867E0
3.997222900E0,8.507019043E0,5.261459351E0,-1.687164307E-1,1.000403882E1
4.002227783E0,8.569259644E0,5.280609131E0,-1.711120605E-1,1.006709109E1
4.007202148E0,8.574050903E0,5.256668091E0,-1.639251709E-1,1.005851777E1
4.012176513E0,8.521377563E0,5.249496460E0,-2.070312500E-1,1.001069181E1
4.017150878E0,8.507019043E0,5.287796021E0,-2.165985107E-1,1.001883599E1
4.022125244E0,8.478286743E0,5.251892090E0,-1.639251709E-1,9.974496884E0
4.027099609E0,8.413650513E0,5.299774170E0,-2.285766602E-1,9.946324371E0
4.032073974E0,8.404067993E0,5.239913940E0,-2.956085205E-1,9.908200711E0
4.037048339E0,8.317871094E0,5.141754150E0,-3.746185303E-1,9.785956996E0
4.042022705E0,8.222106934E0,5.120208740E0,-3.674316406E-1,9.693017383E0
4.046997070E0,8.140701294E0,5.034011841E0,-3.650512695E-1,9.578390011E0
4.052001953E0,8.140701294E0,5.029220581E0,-4.320831299E-1,9.578662383E0
4.056976318E0,8.123947144E0,4.962188721E0,-4.608154297E-1,9.530696981E0
4.061950683E0,8.080856323E0,4.919097900E0,-4.344787598E-1,9.470297507E0
4.066925048E0,7.980285645E0,4.919097900E0,-4.201049805E-1,9.383974175E0
4.071899414E0,7.913253784E0,4.919097900E0,-3.698272705E-1,9.324906531E0
4.076873779E0,7.913253784E0,4.983734131E0,-3.243408203E-1,9.357477668E0
4.081848144E0,7.953948975E0,5.182449341E0,-2.525177002E-1,9.496675768E0
4.086822509E0,8.064086914E0,5.251892090E0,-1.591491699E-1,9.624821907E0
4.091796875E0,8.090423584E0,5.294982910E0,-1.160430908E-1,9.669811983E0
4.096801757E0,8.155075073E0,5.294982910E0,-2.746582031E-2,9.723314653E0
4.101776123E0,8.145492554E0,5.232727051E0,3.479003906E-2,9.681512882E0
4.106750488E0,8.116760254E0,5.244705200E0,1.084899902E-2,9.663790527E0
4.111724853E0,8.126342773E0,5.249496460E0,-8.316040039E-3,9.674436889E0
4.116699218E0,8.121551514E0,5.249496460E0,-3.703308105E-2,9.670480005E0
4.121673584E0,8.126342773E0,5.251892090E0,-3.463745117E-2,9.675795427E0
4.126647949E0,8.169433594E0,5.227951050E0,-5.619812012E-2,9.699189433E0
4.131622314E0,8.140701294E0,5.189636230E0,-7.774353027E-2,9.654500806E0
4.136627197E0,8.092819214E0,5.117813110E0,-1.256256104E-1,9.576090834E0
4.141601562E0,8.135910034E0,5.096267700E0,-1.064758301E-1,9.600849632E0
4.146575927E0,8.183792114E0,5.148941040E0,-1.232299805E-1,9.669603551E0
4.151550293E0,8.265197754E0,5.201614380E0,-1.519622803E-1,9.766953394E0
4.156524658E0,8.334640503E0,5.187240601E0,-1.471710205E-1,9.818113702E0
4.161499023E0,8.370544434E0,5.187240601E0,-2.094268799E-1,9.849738006E0
4.166473388E0,8.387313843E0,5.177658081E0,-1.064758301E-1,9.857307635E0
4.171447753E0,8.449554443E0,5.153717041E0,-4.421997070E-2,9.897359498E0
4.176422119E0,8.495040894E0,5.168090820E0,-4.421997070E-2,9.943683317E0
4.181427001E0,8.545318604E0,5.113021851E0,-1.129150391E-3,9.958185766E0
4.186401367E0,8.583633423E0,5.081893921E0,-2.267456055E-2,9.975215421E0
4.191375732E0,8.595596313E0,5.045989990E0,-3.703308105E-2,9.967329753E0
4.196350097E0,8.650665283E0,5.019653320E0,2.520751953E-2,1.000157811E1
4.201324462E0,8.614761353E0,5.019653320E0,-2.746582031E-2,9.970545972E0
4.206298828E0,8.641098022E0,5.041198730E0,-5.859375000E-2,1.000428373E1
4.211273193E0,8.629119873E0,5.002883911E0,-6.816101074E-2,9.974728224E0
4.216247558E0,8.672210693E0,5.029220581E0,-1.088714600E-1,1.002557484E1
4.221221923E0,8.624328613E0,5.043594360E0,-1.160430908E-1,9.991514105E0
4.226226806E0,8.552505493E0,5.029220581E0,-1.232299805E-1,9.922378520E0
4.231201171E0,8.466308594E0,5.050765991E0,-9.210205078E-2,9.858859016E0
4.236175537E0,8.305908203E0,5.014862061E0,-9.449768066E-2,9.702880107E0
4.241149902E0,8.289138794E0,4.986129761E0,-1.112518311E-1,9.673866285E0
4.246124267E0,8.207748413E0,4.978942871E0,-1.016845703E-1,9.600382590E0
4.251098632E0,8.202957153E0,4.899932861E0,-1.615447998E-1,9.556356253E0
4.256072998E0,8.147888184E0,4.864028931E0,-2.573089600E-1,9.492790274E0
4.261047363E0,8.076065063E0,4.837692261E0,-3.506774902E-1,9.420672376E0
4.266052246E0,8.064086914E0,4.737136841E0,-3.410949707E-1,9.358755739E0
4.271026611E0,8.186187744E0,4.796981812E0,-3.698272705E-1,9.495339725E0
4.276000976E0,8.253234863E0,4.770645142E0,-3.794097900E-1,9.540382202E0
4.280975341E0,8.408859253E0,4.808959961E0,-3.482818604E-1,9.693106318E0
4.285949707E0,8.538146973E0,4.856842041E0,-3.315277100E-1,9.828467783E0
4.290924072E0,8.653060913E0,4.890365601E0,-3.339233398E-1,9.944980828E0
4.295898437E0,8.751220703E0,4.955001831E0,-2.501220703E-1,1.005974493E1
4.300872802E0,8.835021973E0,5.081893921E0,-1.926574707E-1,1.019413439E1
4.305847168E0,8.808685303E0,5.175277710E0,-6.576538086E-2,1.021669033E1
4.310852050E0,8.729675293E0,5.225555420E0,7.788085938E-2,1.017446439E1
4.315826416E0,8.727279663E0,5.280609131E0,2.430877686E-1,1.020339820E1
4.320800781E0,8.679397583E0,5.357223511E0,2.574462891E-1,1.020284591E1
4.325775146E0,8.655456543E0,5.405120850E0,2.574462891E-1,1.020776851E1
4.330749511E0,8.660247803E0,5.388351440E0,2.406921387E-1,1.020255634E1
4.335723876E0,8.669815063E0,5.347656250E0,2.119598389E-1,1.018862344E1
4.340698242E0,8.583633423E0,5.292587280E0,1.257629395E-1,1.008494220E1
4.345672607E0,8.535751343E0,5.163299561E0,8.267211914E-2,9.976249196E0
4.350646972E0,8.468704224E0,5.048385620E0,4.197692871E-2,9.859356503E0
4.355651855E0,8.396881104E0,4.964584351E0,-6.816101074E-2,9.754965708E0
4.360626220E0,8.346603394E0,4.926269531E0,-1.375885010E-1,9.692927850E0
4.365600585E0,8.339416504E0,4.864028931E0,-2.453308105E-1,9.657371913E0
4.370574951E0,8.387313843E0,4.926269531E0,-3.482818604E-1,9.733265909E0
4.375549316E0,8.435195923E0,4.928665161E0,-4.081420898E-1,9.778080103E0
4.380523681E0,8.497436523E0,4.926269531E0,-4.344787598E-1,9.831751154E0
4.385498046E0,8.559692383E0,4.897537231E0,-4.201049805E-1,9.870698700E0
4.390472412E0,8.576446533E0,4.938247681E0,-3.674316406E-1,9.903369694E0
4.395446777E0,8.667434692E0,4.976547241E0,-3.434906006E-1,1.000042161E1
4.400451660E0,8.674606323E0,4.981338501E0,-2.142028809E-1,1.000541908E1
4.405426025E0,8.710525513E0,5.010070801E0,-1.615447998E-1,1.004988362E1
4.410400390E0,8.681793213E0,5.060348511E0,-8.970642090E-2,1.004931379E1
4.415374755E0,8.650665283E0,5.062744141E0,-4.901123047E-2,1.002336222E1
4.420349121E0,8.550109863E0,5.089080811E0,2.760314941E-2,9.950069553E0
4.425323486E0,8.523773193E0,5.045989990E0,5.873107910E-2,9.905562769E0
4.430297851E0,8.449554443E0,5.031616211E0,8.453369141E-3,9.834236292E0
4.435272216E0,8.372940063E0,5.012466431E0,2.281188965E-2,9.758661046E0
4.440246582E0,8.315475464E0,4.983734131E0,2.041625977E-2,9.694594107E0
4.445251464E0,8.260406494E0,4.940643311E0,-5.920410156E-3,9.625191262E0
4.450225830E0,8.210128784E0,4.899932861E0,-6.816101074E-2,9.561391249E0
4.455200195E0,8.229293823E0,4.926269531E0,-1.519622803E-1,9.592314677E0
4.460174560E0,8.258026123E0,4.921478271E0,-2.213897705E-1,9.615870073E0
4.465148925E0,8.296325684E0,4.945434570E0,-2.333679199E-1,9.661304442E0
4.470123291E0,8.404067993E0,4.959793091E0,-2.884368896E-1,9.762740505E0
4.475097656E0,8.408859253E0,4.923873901E0,-2.764587402E-1,9.748326911E0
4.480072021E0,8.363357544E0,4.911911011E0,-2.692718506E-1,9.702841157E0
4.485046386E0,8.339416504E0,4.854446411E0,-3.243408203E-1,9.654880349E0
4.490051269E0,8.255630493E0,4.808959961E0,-2.812500000E-1,9.558275593E0
4.495025634E0,8.279571533E0,4.813751221E0,-2.453308105E-1,9.580380618E0
4.500000000E0,8.339416504E0,4.770645142E0,-2.094268799E-1,9.609827382E0
4.504974365E0,8.423217773E0,4.794586182E0,-1.854858398E-1,9.693970255E0
4.509948730E0,8.435195923E0,4.840087891E0,-1.519622803E-1,9.726359729E0
4.514923095E0,8.416030884E0,4.837692261E0,-1.902618408E-1,9.709224573E0
4.519897460E0,8.401672363E0,4.763473511E0,-2.285766602E-1,9.660798397E0
4.524871826E0,8.339416504E0,4.746704102E0,-1.902618408E-1,9.597565682E0
4.529846191E0,8.360977173E0,4.801773071E0,-2.213897705E-1,9.644271737E0
4.534851074E0,8.423217773E0,4.832901001E0,-2.046356201E-1,9.713362213E0
4.539825439E0,8.444763184E0,4.871200562E0,-1.998443604E-1,9.751028556E0
4.544799804E0,8.518981934E0,4.914306641E0,-2.022399902E-1,9.836887920E0
4.549774169E0,8.535751343E0,4.983734131E0,-1.304168701E-1,9.885022278E0
4.554748535E0,8.540542603E0,5.012466431E0,-9.210205078E-2,9.903240402E0
4.559722900E0,8.609970093E0,5.067535400E0,-5.380249023E-2,9.990715427E0
4.564697265E0,8.643493652E0,5.113021851E0,-3.463745117E-2,1.004261792E1
4.569671630E0,8.638702393E0,5.101043701E0,-3.942871094E-2,1.003241648E1
4.574645996E0,8.648269653E0,5.151336670E0,2.999877930E-2,1.006626730E1
4.579650878E0,8.700942993E0,5.172882080E0,9.225463867E-2,1.012292591E1
4.584625244E0,8.643493652E0,5.172882080E0,8.985900879E-2,1.007356770E1
4.589599609E0,8.633911133E0,5.168090820E0,8.746337891E-2,1.006286411E1
4.594573974E0,8.578842163E0,5.125000000E0,9.703063965E-2,9.993576577E0
4.599548339E0,8.511810303E0,5.125000000E0,8.985900879E-2,9.936026080E0
4.604522705E0,8.423217773E0,5.113021851E0,4.435729980E-2,9.853707813E0
4.609497070E0,8.406463623E0,5.089080811E0,7.788085938E-2,9.827178617E0
4.614471435E0,8.442367554E0,5.077102661E0,5.633544922E-2,9.851584392E0
4.619445800E0,8.406463623E0,5.031616211E0,8.985900879E-2,9.797645992E0
4.624450683E0,8.437591553E0,5.041198730E0,1.084899902E-2,9.828873463E0
4.629425048E0,8.456741333E0,5.029220581E0,-3.225708008E-2,9.839236462E0
4.634399414E0,8.401672363E0,5.036407471E0,-9.449768066E-2,9.796041472E0
4.639373779E0,8.404067993E0,5.012466431E0,-1.854858398E-1,9.787113137E0
4.644348144E0,8.406463623E0,5.014862061E0,-2.309722900E-1,9.791364580E0
4.649322509E0,8.372940063E0,5.002883911E0,-3.075866699E-1,9.758564561E0
4.654296875E0,8.334640503E0,5.017257690E0,-3.051910400E-1,9.733049297E0
4.659271240E0,8.334640503E0,4.986129761E0,-3.458862305E-1,9.718403140E0
4.664245605E0,8.258026123E0,4.969375610E0,-3.865966797E-1,9.645680194E0
4.669250488E0,8.289138794E0,4.995712280E0,-3.985595703E-1,9.686372534E0
4.674224853E0,8.382522583E0,4.962188721E0,-3.578643799E-1,9.747721204E0
4.679199218E0,8.401672363E0,4.957397461E0,-2.477264404E-1,9.758342916E0
4.684173584E0,8.490264893E0,5.034011841E0,-1.567535400E-1,9.871699187E0
4.689147949E0,8.535751343E0,5.060348511E0,-1.280212402E-1,9.923838344E0
4.694122314E0,8.550109863E0,5.057952881E0,-9.928894043E-2,9.934642636E0
4.699096679E0,8.526168823E0,5.074722290E0,-9.449768066E-2,9.922564736E0
4.704071044E0,8.502227783E0,5.093872070E0,-3.703308105E-2,9.911446988E0
4.709045410E0,8.490264893E0,5.053161621E0,-5.140686035E-2,9.880368565E0
4.714050293E0,8.463928223E0,5.000488281E0,-1.352081299E-1,9.831645094E0
4.719024658E0,8.432800293E0,4.959793091E0,-1.591491699E-1,9.784528437E0
4.723999023E0,8.411254883E0,4.923873901E0,-1.591491699E-1,9.747772636E0
4.728973388E0,8.425613403E0,4.959793091E0,-2.189941406E-1,9.779492173E0
4.733947753E0,8.396881104E0,4.981338501E0,-2.405395508E-1,9.766227767E0
4.738922119E0,8.377731323E0,4.959793091E0,-1.950531006E-1,9.737760284E0
4.743896484E0,8.372940063E0,4.964584351E0,-1.615447998E-1,9.735467108E0
4.748870849E0,8.325057983E0,4.983734131E0,-7.055664062E-2,9.703049755E0
4.753845214E0,8.327453613E0,5.005279541E0,-3.942871094E-2,9.716010580E0
4.758850097E0,8.425613403E0,5.024429321E0,-2.267456055E-2,9.810013525E0
4.763824462E0,8.435195923E0,4.986129761E0,-3.942871094E-2,9.798753741E0
4.768798828E0,8.564483643E0,4.926269531E0,-3.225708008E-2,9.880260729E0
4.773773193E0,8.660247803E0,4.871200562E0,-1.184387207E-1,9.936926821E0
4.778747558E0,8.866149902E0,4.895156860E0,-9.689331055E-2,1.012820631E1
4.783721923E0,9.045715332E0,4.919097900E0,-1.328125000E-1,1.029757880E1
4.788696289E0,9.117538452E0,4.966979980E0,-1.543579102E-1,1.038384437E1
4.793670654E0,9.062469482E0,5.002883911E0,-9.689331055E-2,1.035212968E1
4.798645019E0,8.914031982E0,5.057952881E0,-4.182434082E-2,1.024912693E1
4.803649902E0,8.763198853E0,5.101043701E0,2.041625977E-2,1.013975926E1
4.808624267E0,8.607574463E0,5.165695190E0,1.377410889E-1,1.003960744E1
4.813598632E0,8.554901123E0,5.261459351E0,1.688690186E-1,1.004478992E1
4.818572998E0,8.442367554E0,5.304565430E0,7.069396973E-2,9.970806484E0
4.823547363E0,8.277175903E0,5.333282471E0,1.802062988E-2,9.846617063E0
4.828521728E0,8.088027954E0,5.225555420E0,7.548522949E-2,9.629554696E0
4.833496093E0,7.997055054E0,5.156112671E0,1.138000488E-1,9.515846671E0
4.838470459E0,8.061691284E0,4.993316650E0,1.425323486E-1,9.483901782E0
4.843444824E0,8.135910034E0,4.902328491E0,6.591796875E-2,9.498957938E0
4.848449707E0,8.222106934E0,4.844863892E0,-3.225708008E-2,9.543416007E0
4.853424072E0,8.274780273E0,4.763473511E0,-1.304168701E-1,9.548805005E0
4.858398437E0,8.269989014E0,4.734741211E0,-1.902618408E-1,9.531353114E0
4.863372802E0,8.341812134E0,4.729949951E0,-2.740631104E-1,9.593402254E0
4.868347168E0,8.329849243E0,4.739532471E0,-4.632110596E-1,9.595004999E0
4.873321533E0,8.387313843E0,4.796981812E0,-5.613708496E-1,9.678491888E0
4.878295898E0,8.444763184E0,4.837692261E0,-5.661621094E-1,9.748734850E0
4.883270263E0,8.502227783E0,4.890365601E0,-6.260070801E-1,9.828297810E0
4.888244628E0,8.540542603E0,4.914306641E0,-5.924987793E-1,9.871288290E0
4.893249511E0,8.514205933E0,4.957397461E0,-5.493927002E-1,9.867589604E0
4.898223876E0,8.550109863E0,4.988525391E0,-4.608154297E-1,9.909698033E0
4.903198242E0,8.554901123E0,5.084289551E0,-3.506774902E-1,9.957876690E0
4.908172607E0,8.578842163E0,5.093872070E0,-2.716674805E-1,9.980875149E0
4.913146972E0,8.552505493E0,5.086685181E0,-1.687164307E-1,9.952295292E0
4.918121337E0,8.487869263E0,5.081893921E0,-8.970642090E-2,9.893311765E0
4.923095703E0,8.461532593E0,5.065139771E0,4.435729980E-2,9.861802182E0
4.928061575E0,8.547714233E0,5.139358521E0,1.616821289E-1,9.975097279E0
4.933066458E0,8.569259644E0,5.220764160E0,1.568908691E-1,1.003559684E1
4.938040823E0,8.571655273E0,5.215972900E0,1.616821289E-1,1.003522738E1
4.943015188E0,8.530960083E0,5.172882080E0,1.114044189E-1,9.977394444E0
4.947989553E0,8.487869263E0,5.151336670E0,4.675292969E-2,9.928865995E0
4.952963919E0,8.509414673E0,5.079498291E0,2.520751953E-2,9.910200623E0
4.957938284E0,8.547714233E0,5.022048950E0,1.802062988E-2,9.913864989E0
4.962912649E0,8.504623413E0,4.923873901E0,2.520751953E-2,9.827196396E0
4.967887014E0,8.538146973E0,4.914306641E0,3.239440918E-2,9.851467550E0
4.972861380E0,8.523773193E0,4.849655151E0,6.057739258E-3,9.806829316E0
4.977835745E0,8.547714233E0,4.875991821E0,1.084899902E-2,9.840672363E0
4.982840628E0,8.490264893E0,4.892761230E0,3.958129883E-2,9.799248802E0
4.987814993E0,8.487869263E0,4.883178711E0,4.914855957E-2,9.792434556E0
4.992789358E0,8.468704224E0,4.890365601E0,6.352233887E-2,9.779502136E0
4.997763723E0,8.492645264E0,4.852050781E0,9.463500977E-2,9.781430169E0
5.002738089E0,8.511810303E0,4.904724121E0,3.239440918E-2,9.823862923E0
5.007712454E0,8.590820312E0,4.933456421E0,-5.859375000E-2,9.906796613E0
5.012686819E0,8.578842163E0,4.940643311E0,-1.064758301E-1,9.900395259E0
5.017661184E0,8.569259644E0,4.952606201E0,-4.661560059E-2,9.897610421E0
5.022635550E0,8.540542603E0,4.911911011E0,-5.619812012E-2,9.852456341E0
5.027640432E0,8.475891113E0,4.852050781E0,-8.731079102E-2,9.766818833E0
5.032614798E0,8.444763184E0,4.823318481E0,-1.567535400E-1,9.726407254E0
5.037589163E0,8.444763184E0,4.773040771E0,-1.759033203E-1,9.701901124E0
5.042563528E0,8.396881104E0,4.775436401E0,-1.974487305E-1,9.661852363E0
5.047537893E0,8.416030884E0,4.756286621E0,-1.854858398E-1,9.668828432E0
5.052512258E0,8.344207764E0,4.710800171E0,-1.806945801E-1,9.583845365E0
5.057486624E0,8.325057983E0,4.722763062E0,-1.160430908E-1,9.572071216E0
5.062460989E0,8.274780273E0,4.734741211E0,-1.016845703E-1,9.534154533E0
5.067435354E0,8.248443604E0,4.789810181E0,-1.088714600E-1,9.538917991E0
5.072440237E0,8.262802124E0,4.811355591E0,-3.463745117E-2,9.561602445E0
5.077414602E0,8.334640503E0,4.914306641E0,1.802062988E-2,9.675586123E0
5.082388967E0,8.384918213E0,5.012466431E0,1.324462891E-2,9.768922590E0
5.087363333E0,8.516586304E0,5.048385620E0,-3.942871094E-2,9.900504748E0
5.092337698E0,8.586029053E0,5.108230591E0,-4.661560059E-2,9.990800152E0
5.097312063E0,8.672210693E0,5.055557251E0,-1.040802002E-1,1.003876138E1
5.102286428E0,8.638702393E0,5.079498291E0,-1.591491699E-1,1.002266483E1
5.107260794E0,8.588424683E0,5.019653320E0,-2.070312500E-1,9.949915574E0
5.112235159E0,8.564483643E0,4.952606201E0,-1.711120605E-1,9.894845506E0
5.117209524E0,8.461532593E0,4.914306641E0,-1.328125000E-1,9.785989104E0
5.122214407E0,8.372940063E0,4.899932861E0,-1.759033203E-1,9.702907262E0
5.127188772E0,8.260406494E0,4.914306641E0,-1.950531006E-1,9.613676244E0
5.132163137E0,8.195770264E0,4.969375610E0,-2.501220703E-1,9.587904110E0
5.137137503E0,8.279571533E0,5.002883911E0,-3.482818604E-1,9.679951056E0
5.142111868E0,8.167037964E0,5.000488281E0,-4.105377197E-1,9.585089117E0
5.147086233E0,8.159851074E0,4.969375610E0,-3.626556396E-1,9.560825415E0
5.152060598E0,8.205352783E0,5.022048950E0,-2.812500000E-1,9.624338498E0
5.157034964E0,8.325057983E0,4.981338501E0,-2.549133301E-1,9.704911359E0
5.162009329E0,8.478286743E0,5.024429321E0,-2.692718506E-1,9.858942308E0
5.167014212E0,8.605178833E0,5.036407471E0,-3.363189697E-1,9.976352711E0
5.171988577E0,8.732070923E0,5.038803101E0,-3.315277100E-1,1.008704664E1
5.176962942E0,8.820663452E0,5.045989990E0,-3.051910400E-1,1.016657564E1
5.181937307E0,8.794326782E0,5.019653320E0,-2.668762207E-1,1.012957679E1
5.186911673E0,8.767990112E0,5.014862061E0,-2.501220703E-1,1.010391276E1
5.191886038E0,8.767990112E0,4.947814941E0,-2.046356201E-1,1.006977651E1
5.196860403E0,8.693771362E0,4.969375610E0,-1.615447998E-1,1.001511114E1
5.201834768E0,8.586029053E0,4.964584351E0,-1.591491699E-1,9.919290354E0
5.206809133E0,8.547714233E0,4.990921021E0,-1.615447998E-1,9.899434730E0
5.211783499E0,8.502227783E0,5.012466431E0,-1.663208008E-1,9.871188358E0
5.216788382E0,8.490264893E0,5.050765991E0,-1.495666504E-1,9.880141964E0
5.221762747E0,8.471099854E0,5.089080811E0,-1.160430908E-1,9.882901508E0
5.226737112E0,8.475891113E0,5.122604370E0,-4.661560059E-2,9.903735594E0
5.231711477E0,8.480682373E0,5.089080811E0,-6.816101074E-2,9.890670500E0
5.236685842E0,8.423217773E0,5.113021851E0,-1.064758301E-1,9.854183234E0
5.241660208E0,8.475891113E0,5.148941040E0,-1.926574707E-1,9.919145170E0
5.246634573E0,8.478286743E0,5.151336670E0,-2.022399902E-1,9.922626497E0
5.251608938E0,8.518981934E0,5.208786011E0,-1.519622803E-1,9.986370583E0
5.256583303E0,8.492645264E0,5.175277710E0,-1.998443604E-1,9.947284088E0
5.261588186E0,8.454345703E0,5.187240601E0,-1.902618408E-1,9.920666605E0
5.266562551E0,8.456741333E0,5.172882080E0,-1.926574707E-1,9.915255916E0
5.271536917E0,8.444763184E0,5.160903931E0,-1.639251709E-1,9.898273893E0
5.276511282E0,8.387313843E0,5.072326660E0,-1.902618408E-1,9.803659052E0
5.281485647E0,8.296325684E0,5.017257690E0,-1.519622803E-1,9.696648241E0
5.286460012E0,8.399276733E0,4.978942871E0,-1.854858398E-1,9.765865387E0
5.291434378E0,8.466308594E0,4.966979980E0,-2.549133301E-1,9.819075931E0
5.296408743E0,8.454345703E0,4.907119751E0,-2.884368896E-1,9.779518462E0
5.301383108E0,8.437591553E0,4.852050781E0,-2.309722900E-1,9.735948654E0
5.306357473E0,8.435195923E0,4.844863892E0,-1.663208008E-1,9.728972145E0
5.311362356E0,8.540542603E0,4.825714111E0,-2.165985107E-1,9.811997735E0
5.316336721E0,8.693771362E0,4.868820190E0,-2.980041504E-1,9.968745007E0
5.321311087E0,8.897277832E0,4.919097900E0,-3.291320801E-1,1.017189289E1
5.326285452E0,9.045715332E0,4.978942871E0,-3.530731201E-1,1.033148095E1
5.331259817E0,9.016983032E0,5.022048950E0,-4.464416504E-1,1.033084066E1
5.336234182E0,8.835021973E0,4.938247681E0,-4.512329102E-1,1.013151097E1
5.341208548E0,8.677001953E0,4.885574341E0,-3.506774902E-1,9.964044070E0
5.346182913E0,8.483078003E0,4.837692261E0,-2.237854004E-1,9.768109270E0
5.351157278E0,8.365753174E0,4.835296631E0,-1.375885010E-1,9.663583718E0
5.356162161E0,8.322662354E0,4.808959961E0,-1.447753906E-1,9.613207814E0
5.361136526E0,8.327453613E0,4.818542480E0,-8.970642090E-2,9.621480269E0
5.366110891E0,8.322662354E0,4.847259521E0,-3.463745117E-2,9.631398303E0
5.371085257E0,8.298721313E0,4.820922852E0,8.746337891E-2,9.597797790E0
5.376059622E0,8.260406494E0,4.792205811E0,1.401367188E-1,9.550873797E0
5.381033987E0,8.138305664E0,4.761077881E0,1.473083496E-1,9.429824040E0
5.386008352E0,7.977905273E0,4.741928101E0,3.958129883E-2,9.280863179E0
5.390982717E0,7.939590454E0,4.765869141E0,6.057739258E-3,9.260164250E0
5.395957083E0,7.975509644E0,4.811355591E0,-1.309204102E-2,9.314401113E0
5.400961966E0,8.068878174E0,4.856842041E0,-1.112518311E-1,9.418497044E0
5.405936331E0,8.145492554E0,4.938247681E0,-1.639251709E-1,9.526920308E0
5.410910696E0,8.248443604E0,5.055557251E0,-2.189941406E-1,9.676954037E0
5.415885061E0,8.406463623E0,5.113021851E0,-1.232299805E-1,9.840061418E0
5.420859426E0,8.480682373E0,5.122604370E0,-2.986145020E-2,9.907771735E0
5.425833792E0,8.514205933E0,5.180053711E0,2.281188965E-2,9.966201859E0
5.430808157E0,8.528564453E0,5.163299561E0,9.463500977E-2,9.970207108E0
5.435782522E0,8.533355713E0,5.251892090E0,2.215423584E-1,1.002245535E1
5.440756887E0,8.619537354E0,5.350051880E0,1.592864990E-1,1.014617423E1
5.445731253E0,8.839813232E0,5.481735229E0,9.225463867E-2,1.040193396E1
5.450736135E0,8.995437622E0,5.539184570E0,7.069396973E-2,1.056434860E1
5.455710501E0,8.911636353E0,5.488906860E0,1.114044189E-1,1.046698485E1
5.460684866E0,8.684188843E0,5.357223511E0,1.305541992E-1,1.020450998E1
5.465659231E0,8.401672363E0,5.218368530E0,1.066131592E-1,9.890947123E0
5.470633596E0,8.147888184E0,5.187240601E0,5.633544922E-2,9.659126285E0
5.475638479E0,8.042541504E0,5.148941040E0,-5.380249023E-2,9.549710068E0
5.480612844E0,8.171829224E0,5.184844971E0,-2.213897705E-1,9.680414436E0
5.485587210E0,8.315475464E0,5.235122681E0,-3.458862305E-1,9.832257063E0
5.490561575E0,8.475891113E0,5.213577271E0,-5.326385498E-1,9.965230652E0
5.495535940E0,8.607574463E0,5.160903931E0,-5.877075195E-1,1.005339085E1
5.500510305E0,8.633911133E0,5.132171631E0,-5.829162598E-1,1.006098397E1
5.505484671E0,8.478286743E0,5.134567261E0,-6.044616699E-1,9.930282018E0
5.510459036E0,8.399276733E0,5.105834961E0,-6.834716797E-1,9.853148422E0
5.515433401E0,8.368148804E0,5.125000000E0,-7.169952393E-1,9.838984784E0
5.520407766E0,8.413650513E0,5.091476440E0,-7.840270996E-1,9.865462269E0
5.525382132E0,8.303512573E0,5.048385620E0,-7.720642090E-1,9.748364046E0
5.530356497E0,8.107177734E0,4.938247681E0,-7.385406494E-1,9.521452792E0
5.535330862E0,7.910858154E0,4.878387451E0,-6.954498291E-1,9.320085371E0
5.540305227E0,7.760025024E0,4.883178711E0,-7.169952393E-1,9.196602899E0
5.545279592E0,7.611587524E0,4.911911011E0,-7.122039795E-1,9.086823919E0
5.550253958E0,7.412872314E0,4.887969971E0,-6.786804199E-1,8.905253141E0
5.555258841E0,7.348220825E0,4.916702271E0,-5.757293701E-1,8.860122732E0
5.560233206E0,7.355407715E0,4.995712280E0,-5.015106201E-1,8.905654201E0
5.565207571E0,7.463150024E0,5.045989990E0,-4.081420898E-1,9.018159637E0
5.570181936E0,7.666656494E0,5.101043701E0,-4.009552002E-1,9.217322481E0
5.575156301E0,7.915649414E0,5.196823120E0,-3.243408203E-1,9.474685913E0
5.580130667E0,8.126342773E0,5.225555420E0,-1.735076904E-1,9.663021331E0
5.585105032E0,8.293930054E0,5.261459351E0,-2.746582031E-2,9.822066209E0
5.590079397E0,8.459136963E0,5.285400391E0,1.281585693E-1,9.975413779E0
5.595053762E0,8.655456543E0,5.314132690E0,2.646331787E-1,1.016006717E1
5.600028128E0,8.777557373E0,5.338073730E0,3.412475586E-1,1.027895882E1
5.605033010E0,8.892486572E0,5.445816040E0,4.226531982E-1,1.043608478E1
5.610007376E0,9.143875122E0,5.539184570E0,3.771514893E-1,1.069744181E1
5.614981741E0,9.400054932E0,5.548767090E0,2.765960693E-1,1.091908212E1
5.619956106E0,9.428787231E0,5.436233521E0,3.508148193E-1,1.088934041E1
5.624930471E0,9.419204712E0,5.304565430E0,1.832275391E-1,1.081172531E1
5.629904837E0,9.409637451E0,5.220764160E0,-4.901123047E-2,1.076104351E1
5.634879202E0,9.431182861E0,5.148941040E0,-2.525177002E-1,1.074814259E1
5.639853567E0,9.416809082E0,5.081893921E0,-3.506774902E-1,1.070630253E1
5.644827932E0,9.289916992E0,5.022048950E0,-4.153289795E-1,1.056863433E1
5.649832815E0,9.117538452E0,5.019653320E0,-4.871520996E-1,1.041939269E1
5.654807180E0,8.868545532E0,5.007675171E0,-7.122039795E-1,1.020956145E1
5.659781546E0,8.633911133E0,5.012466431E0,-8.654327393E-1,1.002088893E1
5.664755911E0,8.447158813E0,5.050765991E0,-1.035415649E0,9.896303082E0
5.669730276E0,8.267593384E0,5.055557251E0,-1.145553589E0,9.758281227E0
5.674704641E0,8.171829224E0,5.096267700E0,-1.097671509E0,9.693070725E0
5.679679007E0,8.102401733E0,5.168090820E0,-8.582458496E-1,9.648557535E0
5.684653372E0,8.040145874E0,5.122604370E0,-6.786804199E-1,9.557490692E0
5.689627737E0,7.963531494E0,5.048385620E0,-5.661621094E-1,9.445875860E0
5.694602102E0,7.865371704E0,4.971771240E0,-4.967193604E-1,9.318224693E0
5.699606985E0,7.779174805E0,4.911911011E0,-4.033508301E-1,9.208969666E0
5.704581350E0,7.951568604E0,4.801773071E0,-5.278472900E-1,9.303928775E0
5.709555716E0,7.898895264E0,4.859237671E0,-2.381591797E-1,9.276931439E0
5.714530081E0,7.920440674E0,4.955001831E0,-1.782989502E-1,9.344368043E0
5.719504446E0,7.925231934E0,4.947814941E0,-2.621002197E-1,9.346596729E0
5.724478811E0,7.975509644E0,4.914306641E0,-2.980041504E-1,9.372724807E0
5.729453176E0,8.100006104E0,4.909515381E0,-2.022399902E-1,9.473876776E0
5.734427542E0,8.073669434E0,4.835296631E0,-9.689331055E-2,9.411355904E0
5.739401907E0,8.076065063E0,4.792205811E0,-2.046356201E-1,9.393079323E0
5.744376272E0,8.126342773E0,4.813751221E0,-3.530731201E-1,9.451682830E0
5.749381155E0,8.248443604E0,4.871200562E0,-2.429351807E-1,9.582506681E0
5.754355520E0,8.432800293E0,4.998092651E0,-1.567535400E-1,9.803959537E0
5.759329885E0,8.571655273E0,5.077102661E0,-1.543579102E-1,9.963637485E0
5.764304251E0,8.559692383E0,5.151336670E0,-2.381591797E-1,9.993063743E0
5.769278616E0,8.425613403E0,5.273437500E0,-2.644805908E-1,9.943342208E0
5.774252981E0,8.305908203E0,5.366806030E0,-2.381591797E-1,9.891786383E0
5.779227346E0,8.356185913E0,5.390747070E0,-1.782989502E-1,9.945742180E0
5.784201712E0,8.353790283E0,5.402725220E0,-2.285766602E-1,9.951256161E0
5.789176077E0,8.382522583E0,5.407501221E0,-2.812500000E-1,9.979321413E0
5.794150442E0,8.456741333E0,5.366806030E0,-3.674316406E-1,1.002267863E1
5.799155325E0,8.471099854E0,5.283004761E0,-4.967193604E-1,9.995819234E0
5.804129690E0,8.526168823E0,5.242309570E0,-5.230560303E-1,1.002252224E1
5.809104055E0,8.528564453E0,5.141754150E0,-5.948944092E-1,9.976369416E0
5.814078421E0,8.399276733E0,5.050765991E0,-5.685577393E-1,9.817400096E0
5.819052786E0,8.265197754E0,5.038803101E0,-4.823608398E-1,9.692043261E0
5.824027151E0,8.126342773E0,5.026824951E0,-4.225006104E-1,9.564775101E0
5.829001516E0,8.049728394E0,5.089080811E0,-3.913879395E-1,9.531529532E0
5.833975882E0,7.937194824E0,5.072326660E0,-3.506774902E-1,9.426056128E0
5.838950247E0,7.872558594E0,5.091476440E0,-3.626556396E-1,9.382527925E0
5.843955130E0,7.815093994E0,5.134567261E0,-4.320831299E-1,9.360885157E0
5.848929495E0,7.862976074E0,5.144149780E0,-3.937683105E-1,9.404452307E0
5.853903860E0,7.961135864E0,5.151336670E0,-2.980041504E-1,9.487083862E0
5.858878225E0,8.126342773E0,5.175277710E0,-3.171539307E-1,9.639581571E0
5.863852591E0,8.248443604E0,5.187240601E0,-3.434906006E-1,9.749988345E0
5.868826956E0,8.363357544E0,5.199218750E0,-4.225006104E-1,9.856781005E0
5.873801321E0,8.538146973E0,5.273437500E0,-4.727783203E-1,1.004652259E1
5.878775686E0,8.679397583E0,5.299774170E0,-4.584197998E-1,1.017986726E1
5.883750051E0,8.720108032E0,5.328506470E0,-4.943389893E-1,1.023120894E1
5.888724417E0,8.796722412E0,5.350051880E0,-4.703826904E-1,1.030663088E1
5.893729300E0,8.835021973E0,5.373992920E0,-4.680023193E-1,1.035163945E1
5.898703665E0,8.866149902E0,5.345260620E0,-4.488372803E-1,1.036252286E1
5.903678030E0,8.756011963E0,5.285400391E0,-3.746185303E-1,1.023442924E1
5.908652395E0,8.638702393E0,5.199218750E0,-3.578643799E-1,1.008896038E1
5.913626760E0,8.547714233E0,5.160903931E0,-3.458862305E-1,9.990895119E0
5.918601126E0,8.420822144E0,5.086685181E0,-3.530731201E-1,9.844250725E0
5.923575491E0,8.310699463E0,5.050765991E0,-3.698272705E-1,9.732149550E0
5.928549856E0,8.214920044E0,5.043594360E0,-2.980041504E-1,9.644250198E0
5.933524221E0,8.162246704E0,5.065139771E0,-2.597045898E-1,9.609649246E0
5.938498587E0,8.085632324E0,5.180053711E0,-3.291320801E-1,9.608263863E0
5.943503469E0,8.052124023E0,5.239913940E0,-2.501220703E-1,9.610200853E0
5.948477835E0,7.920440674E0,5.314132690E0,-2.405395508E-1,9.541029609E0
5.953452200E0,7.925231934E0,5.376388550E0,-2.692718506E-1,9.580572132E0
5.958426565E0,7.994659424E0,5.342864990E0,-2.165985107E-1,9.618092354E0
5.963400930E0,8.076065063E0,5.455398560E0,-4.901123047E-2,9.746107041E0
5.968375296E0,8.210128784E0,5.532012939E0,6.831359863E-2,9.900204471E0
5.973349661E0,8.269989014E0,5.584686279E0,1.257629395E-1,9.979842456E0
5.978324026E0,8.281967163E0,5.587066650E0,7.308959961E-2,9.990577357E0
5.983298391E0,8.255630493E0,5.603836060E0,7.548522949E-2,9.978181770E0
5.988303274E0,8.401672363E0,5.577499390E0,8.453369141E-3,1.008447665E1
5.993277639E0,8.535751343E0,5.584686279E0,-8.013916016E-2,1.020069577E1
5.998252005E0,8.648269653E0,5.546371460E0,-2.022399902E-1,1.027597710E1
6.003226370E0,8.679397583E0,5.486511230E0,-2.764587402E-1,1.027181470E1
6.008200735E0,8.679397583E0,5.457794189E0,-3.195495605E-1,1.025775666E1
6.013175100E0,8.631515503E0,5.369201660E0,-3.913879395E-1,1.017273665E1
6.018149466E0,8.530960083E0,5.287796021E0,-4.991149902E-1,1.004923790E1
6.023123831E0,8.449554443E0,5.199218750E0,-5.924987793E-1,9.938707195E0
6.028098196E0,8.370544434E0,5.096267700E0,-6.762847900E-1,9.823203129E0
6.033072561E0,8.289138794E0,5.067535400E0,-7.457275391E-1,9.744015935E0
6.038077444E0,8.229293823E0,4.990921021E0,-8.031768799E-1,9.657932624E0
6.043051809E0,8.155075073E0,4.950210571E0,-8.486785889E-1,9.577582654E0
6.048026175E0,8.004226685E0,5.017257690E0,-7.528991699E-1,9.476675404E0
6.053000540E0,7.925231934E0,5.019653320E0,-5.829162598E-1,9.399255929E0
6.057974905E0,7.805511475E0,5.079498291E0,-5.015106201E-1,9.326243894E0
6.062949270E0,7.704956055E0,5.158508301E0,-5.015106201E-1,9.285906988E0
6.067923635E0,7.590042114E0,5.213577271E0,-4.368743896E-1,9.218513247E0
6.072898001E0,7.606796265E0,5.278228760E0,-2.812500000E-1,9.262944986E0
6.077872366E0,7.652282715E0,5.323715210E0,-1.064758301E-1,9.322591458E0
6.082877249E0,7.704956055E0,5.385955811E0,2.760314941E-2,9.400831332E0
6.087851614E0,7.810302734E0,5.388351440E0,1.233673096E-1,9.489487844E0
6.092825979E0,7.946777344E0,5.407501221E0,1.185913086E-1,9.612824949E0
6.097800344E0,8.044937134E0,5.395538330E0,4.435729980E-2,9.686837199E0
6.102774710E0,8.181411743E0,5.366806030E0,-9.689331055E-2,9.785064813E0
6.107749075E0,8.281967163E0,5.275833130E0,-2.094268799E-1,9.821876344E0
6.112723440E0,8.435195923E0,5.256668091E0,-6.284027100E-1,9.958914581E0
6.117697805E0,8.497436523E0,5.244705200E0,-1.028244019E0,1.003845834E1
6.122672171E0,8.581237793E0,5.259063721E0,-1.088088989E0,1.012320754E1
6.127646536E0,8.641098022E0,5.261459351E0,-1.214981079E0,1.018958824E1
6.132651419E0,8.679397583E0,5.201614380E0,-1.351455688E0,1.020858301E1
6.137625784E0,8.705734253E0,5.151336670E0,-1.325119019E0,1.020205954E1
6.142600149E0,8.758407593E0,5.172882080E0,-1.124008179E0,1.023385592E1
6.147574514E0,8.559692383E0,5.182449341E0,-8.774108887E-1,1.004469834E1
6.152548880E0,8.365753174E0,5.160903931E0,-5.757293701E-1,9.846431834E0
6.157523245E0,8.231689453E0,5.074722290E0,-3.434906006E-1,9.676337291E0
6.162497610E0,8.131134033E0,5.122604370E0,-1.304168701E-1,9.611109445E0
6.167471975E0,8.013809204E0,5.120208740E0,8.453369141E-3,9.509876285E0
6.172446341E0,8.018600464E0,5.096267700E0,8.267211914E-2,9.501406872E0
6.177420706E0,8.004226685E0,5.103439331E0,1.042175293E-1,9.493344991E0
6.182425589E0,7.951568604E0,5.170486450E0,9.225463867E-2,9.485245611E0
6.187399954E0,8.011413574E0,5.235122681E0,1.066131592E-1,9.570821454E0
6.192374319E0,8.092819214E0,5.290191650E0,7.069396973E-2,9.668756288E0
6.197348684E0,8.157470703E0,5.297378540E0,-1.129150391E-3,9.726589790E0
6.202323050E0,8.128738403E0,5.287796021E0,-1.375885010E-1,9.698252697E0
6.207297415E0,8.210128784E0,5.294982910E0,-3.267364502E-1,9.774958587E0
6.212271780E0,8.241256714E0,5.393142700E0,-5.254516602E-1,9.863082675E0
6.217246145E0,8.281967163E0,5.376388550E0,-5.589752197E-1,9.889842629E0
6.222220510E0,8.281967163E0,5.326110840E0,-4.919433594E-1,9.859028605E0
6.227194876E0,8.310699463E0,5.345260620E0,-5.134887695E-1,9.894604963E0
6.232199758E0,8.320266724E0,5.294982910E0,-4.488372803E-1,9.872443329E0
6.237174124E0,8.356185913E0,5.213577271E0,-3.626556396E-1,9.855899253E0
6.242148489E0,8.475891113E0,5.189636230E0,-2.261810303E-1,9.941036778E0
6.247122854E0,8.411254883E0,5.182449341E0,-2.573089600E-1,9.882975148E0
6.252097219E0,8.382522583E0,5.165695190E0,-2.956085205E-1,9.850810934E0
6.257071585E0,8.296325684E0,5.196823120E0,-2.860412598E-1,9.793763832E0
6.262045950E0,8.238861084E0,5.201614380E0,-1.208343506E-1,9.744240610E0
6.267020315E0,8.138305664E0,5.218368530E0,-8.970642090E-2,9.668062704E0
6.271994680E0,8.059295654E0,5.211181641E0,-1.399841309E-1,9.598346529E0
6.276969046E0,7.973114014E0,5.232727051E0,-1.519622803E-1,9.538085342E0
6.281973928E0,8.032958984E0,5.244705200E0,-9.449768066E-2,9.593971675E0
6.286948294E0,8.145492554E0,5.321319580E0,-7.774353027E-2,9.729929860E0
6.291922659E0,8.207748413E0,5.306945801E0,-7.055664062E-2,9.774240942E0
6.296897024E0,8.138305664E0,5.306945801E0,-1.639251709E-1,9.717127367E0
6.301871389E0,8.080856323E0,5.318923950E0,-2.597045898E-1,9.677739270E0
6.306845755E0,8.078460693E0,5.266250610E0,-2.812500000E-1,9.647487975E0
6.311820120E0,8.128738403E0,5.247100830E0,-3.075866699E-1,9.680034334E0
6.316794485E0,8.207748413E0,5.180053711E0,-3.674316406E-1,9.712625622E0
6.321768850E0,8.313079834E0,5.160903931E0,-4.248962402E-1,9.794016670E0
6.326773733E0,8.377731323E0,5.086685181E0,-4.703826904E-1,9.812339585E0
6.331748098E0,8.303512573E0,5.074722290E0,-5.685577393E-1,9.748045203E0
6.336722464E0,8.210128784E0,5.038803101E0,-5.709533691E-1,9.649960574E0
6.341696829E0,8.143096924E0,5.026824951E0,-5.015106201E-1,9.582823671E0
6.346671194E0,8.179016113E0,5.172882080E0,-4.943389893E-1,9.690169484E0
